08/31/26 03:54:14:Max Active: 0
08/31/26 03:54:16:Item Crest of Silvermere added to monster 22
08/31/26 03:54:16:Item gavel of justice added to monster 23
08/31/26 03:54:16:Item golden braided belt added to monster 23
08/31/26 03:54:16:Max Active: 27
08/31/26 03:54:20:Item ancient sword added to monster 93
08/31/26 03:54:28:Item curved bone dagger added to monster 179
08/31/26 03:54:50:Item gold ring added to monster 426
08/31/26 03:54:54:Item holy medallion added to monster 499
08/31/26 03:54:54:Item ruby necklace added to monster 499
08/31/26 03:54:54:Item platinum bracers added to monster 499
08/31/26 03:54:54:Item black leather tunic added to monster 499
08/31/26 03:54:54:Item platinum ring added to monster 499
08/31/26 03:54:56:Item golden belt added to monster 500
08/31/26 03:54:56:Item huge darkwood club added to monster 500
08/31/26 03:55:02:Item gold ring added to monster 553
08/31/26 03:55:02:Item belt of faith added to monster 553
08/31/26 03:55:02:Item jeweled longsword added to monster 553
08/31/26 03:55:02:Item rosewood staff added to monster 569
08/31/26 03:55:02:Item golden breastplate added to monster 569
08/31/26 03:55:02:Item golden broadsword added to monster 569
08/31/26 03:55:02:Item shimmering white robes added to monster 569
08/31/26 03:55:02:Item bone-handled headcutter added to monster 570
08/31/26 03:55:54:Item skull wand added to monster 1107
08/31/26 03:55:58:Item huge broken willow added to monster 1138
08/31/26 03:56:06:Item silverwood helm added to monster 1249
08/31/26 03:56:06:Item emerald-tipped crozier added to monster 1263
08/31/26 03:56:08:Item blades of balance added to monster 1267
08/31/26 03:56:08:Item holy avenger added to monster 1280
08/31/26 03:56:10:Item blood lance added to monster 1290
08/31/26 03:56:10:Item mithril helm added to monster 1298
08/31/26 03:56:10:Item silverwood staff added to monster 1301
08/31/26 03:56:10:Item dragonclaw staff added to monster 1302
08/31/26 03:56:12:Item vortex staff added to monster 1303
08/31/26 03:56:12:Item barbed circlet added to monster 1303
08/31/26 03:57:08:Item golden sickle added to monster 1917
08/31/26 03:57:08:Item antlered helm added to monster 1917
08/31/26 03:57:18:Item tree trunk added to monster 2008
08/31/26 03:57:30:Item hell-flail added to monster 2144
08/31/26 03:57:32:Item thunderstaff added to monster 2160
08/31/26 03:57:34:Item katana added to monster 2181
08/31/26 03:57:34:Item skull sword added to monster 2184
08/31/26 03:57:34:Item black plate corselet added to monster 2184
08/31/26 03:57:46:Item rune-etched sceptre added to monster 2332
08/31/26 03:57:48:Item adamantite claymore added to monster 2354
08/31/26 03:57:48:Item obsidian field plate added to monster 2354
08/31/26 03:57:48:Item twisted bone staff added to monster 2379
08/31/26 03:57:48:Item nightblack portal added to monster 2379
08/31/26 03:57:54:Item jeweled adamantite longsword added to monster 2475
08/31/26 03:57:54:Item adamantite katana added to monster 2476
08/31/26 03:57:54:Item silver casket added to room 707 map 8
08/31/26 03:58:04:Item laen longsword added to monster 2636
08/31/26 03:58:28:Item emerald-hilted rapier added to monster 3031
08/31/26 03:58:38:Item skull mask added to monster 3128
08/31/26 03:58:42:Item frost sceptre added to monster 3213
08/31/26 03:58:48:Item jeweled turban added to monster 3312
08/31/26 03:59:00:Item golden pike added to monster 3442
08/31/26 03:59:08:Item crescent moon staff added to monster 3565
08/31/26 03:59:10:Item golden headdress added to monster 3571
08/31/26 03:59:10:Item meteorite rod added to monster 3571
08/31/26 03:59:10:Item rainbow stone added to monster 3575
08/31/26 03:59:10:Item spiked obsidian collar added to monster 3575
08/31/26 03:59:14:Item tiger-claw necklace added to monster 3648
08/31/26 03:59:22:Item lifestealer added to monster 3809
08/31/26 03:59:28:Item black embroidered robes added to monster 3865
08/31/26 03:59:32:Item daikatana added to monster 3928
08/31/26 03:59:52:Item Demon's Maw added to monster 4278
08/31/2608/31/26 04:21:04:Max Active: 0
08/31/26 04:21:04:Item astral staff added to monster 10
08/31/26 04:21:04:Item Crest of Silvermere added to monster 22
08/31/26 04:21:04:Item gavel of justice added to monster 23
08/31/26 04:21:04:Item golden braided belt added to monster 23
08/31/26 04:21:06:Max Active: 27
08/31/26 04:21:10:Item ancient sword added to monster 94
08/31/26 04:21:16:Item curved bone dagger added to monster 181
08/31/26 04:21:40:Item gold ring added to monster 429
08/31/26 04:21:44:Item holy medallion added to monster 502
08/31/26 04:21:44:Item ruby necklace added to monster 502
08/31/26 04:21:44:Item platinum bracers added to monster 502
08/31/26 04:21:44:Item black leather tunic added to monster 502
08/31/26 04:21:44:Item platinum ring added to monster 502
08/31/26 04:21:44:Item golden belt added to monster 503
08/31/26 04:21:44:Item huge darkwood club added to monster 503
08/31/26 04:21:48:Item gold ring added to monster 524
08/31/26 04:21:48:Item belt of faith added to monster 524
08/31/26 04:21:48:Item jeweled longsword added to monster 524
08/31/26 04:21:52:Item rosewood staff added to monster 565
08/31/26 04:21:52:Item golden breastplate added to monster 565
08/31/26 04:21:52:Item golden broadsword added to monster 565
08/31/26 04:21:52:Item shimmering white robes added to monster 565
08/31/26 04:21:52:Item bone-handled headcutter added to monster 566
08/31/26 04:22:44:Item skull wand added to monster 1106
08/31/26 04:22:48:Item huge broken willow added to monster 1137
08/31/26 04:22:56:Item silverwood helm added to monster 1248
08/31/26 04:22:58:Item blades of balance added to monster 1266
08/31/26 04:22:58:Item emerald-tipped crozier added to monster 1270
08/31/26 04:22:58:Item holy avenger added to monster 1277
08/31/26 04:22:58:Item blood lance added to monster 1285
08/31/26 04:23:00:Item mithril helm added to monster 1293
08/31/26 04:23:00:Item silverwood staff added to monster 1296
08/31/26 04:23:02:Item dragonclaw staff added to monster 1301
08/31/26 04:23:02:Item vortex staff added to monster 1302
08/31/26 04:23:02:Item barbed circlet added to monster 1302
08/31/26 04:24:02:Item golden sickle added to monster 1909
08/31/26 04:24:02:Item antlered helm added to monster 1909
08/31/26 04:24:10:Item tree trunk added to monster 2001
08/31/26 04:24:22:Item hell-flail added to monster 2137
08/31/26 04:24:22:Item thunderstaff added to monster 2153
08/31/26 04:24:26:Item katana added to monster 2174
08/31/26 04:24:26:Item skull sword added to monster 2177
08/31/26 04:24:26:Item black plate corselet added to monster 2177
08/31/26 04:24:38:Item rune-etched sceptre added to monster 2325
08/31/26 04:24:38:Item adamantite claymore added to monster 2347
08/31/26 04:24:38:Item obsidian field plate added to monster 2347
08/31/26 04:24:40:Item twisted bone staff added to monster 2372
08/31/26 04:24:40:Item nightblack portal added to monster 2372
08/31/26 04:24:44:Item jeweled adamantite longsword added to monster 2468
08/31/26 04:24:44:Item adamantite katana added to monster 2469
08/31/26 04:24:54:Item laen longsword added to monster 2629
08/31/26 04:25:18:Item emerald-hilted rapier added to monster 3035
08/31/26 04:25:28:Item skull mask added to monster 3128
08/31/26 04:25:34:Item frost sceptre added to monster 3213
08/31/26 04:25:38:Item jeweled turban added to monster 3307
08/31/26 04:25:50:Item golden pike added to monster 3437
08/31/26 04:25:58:Item crescent moon staff added to monster 3560
08/31/26 04:26:00:Item golden headdress added to monster 3566
08/31/26 04:26:00:Item meteorite rod added to monster 3566
08/31/26 04:26:00:Item rainbow stone added to monster 3570
08/31/26 04:26:00:Item spiked obsidian collar added to monster 3570
08/31/26 04:26:10:Item lifestealer added to monster 3803
08/31/26 04:26:14:Item black embroidered robes added to monster 3859
08/31/26 04:26:18:Item daikatana added to monster 3922
08/31/26 04:26:38:Item Demon's Maw added to monster 4272
08/31/26 04:26:38:Item demon's skull mask added to monster 4274
08/31/26 04:26:38:Item amber sceptre added to monster 4274
08/31/26 04:26:40:Item obsidian claymore added to monster 4302
08/31/26 04:26:40:Item flaming scimitar added to monster 4302
08/31/26 04:26:40:Item flaming portal added to monster 4302
08/31/26 04:26:52:Item hellblade added to monster 4484
08/31/26 04:26:52:Item deathcoil added to monster 4484
08/31/26 04:27:02:Item sparkling pendant added to monster 4684
08/31/26 04:27:02:Item stone javelin added to monster 4700
08/31/26 04:27:02:Item dented wizard's hat added to monster 4713
08/31/26 04:27:02:Item bone necklace added to monster 4713
08/31/26 04:27:02:Item spider silk trousers added to monster 4713
08/31/26 04:27:02:Item curved fang added to monster 4731
08/31/26 04:27:04:Item blackwood staff added to monster 4765
08/31/26 04:27:22:Item lionskin tunic added to monster 5066
08/31/26 04:27:32:Item titanic stone maul added to monster 5277
08/31/26 04:27:32:Item petrified stone corselet added to monster 5277
08/31/26 04:27:36:Item storm crown added to monster 5343
08/31/26 04:27:36:Item stormmetal greataxe added to monster 5348
08/31/26 04:27:36:Item stormmetal corselet added to monster 5348
08/31/26 04:27:36:Item stormmetal belt added to monster 5348
08/31/26 04:27:38:Item mamba fang added to monster 5373
08/31/26 04:28:02:Item skirts of flame added to monster 5694
08/31/26 04:28:10:Item nightblack scythe added to monster 5853
08/31/26 04:28:12:Item rotted worm skin added to monster 5875
08/31/26 04:28:12:Item runed farming hoe added to monster 5890
08/31/26 04:28:16:Item dragonfang ninjato added to monster 5914
08/31/26 04:28:16:Item black dragon robes added to monster 5914
08/31/26 04:28:16:Item executioner's hood added to monster 5915
08/31/26 04:28:16:Item mithril executioner's axe added to monster 5915
08/31/26 04:28:16:Item black stained tunic added to monster 5915
08/31/26 04:28:16:Item heavy black boots added to monster 5915
08/31/26 04:28:16:Item soulblighter added to monster 5939
08/31/26 04:28:20:Item faded shawl added to monster 6026
08/31/26 04:28:28:Item brimstone hammer added to monster 6120
08/31/26 04:28:28:Item star helm added to monster 6120
08/31/26 04:28:36:Item yellow bone portal added to monster 6215
08/31/26 04:28:56:Item Sword of Ozrinom added to monster 6653
08/31/26 04:28:56:Item scarlet doublet added to monster 6653
08/31/26 04:29:20:Item shamanic headdress added to monster 7270
08/31/26 04:29:22:Item Dusk added to monster 7286
08/31/26 22:13:00:AUTO UPDATE : skipping GANG SHOP.
08/31/26 22:13:00:AUTO UPDATE : skipping GANG SHOP.
08/31/26 22:13:00:AUTO UPDATE : skipping GANG SHOP.
08/31/26 22:13:00:AUTO UPDATE : skipping GANG SHOP.
08/31/26 22:13:00:AUTO UPDATE : skipping GANG SHOP.
08/31/26 22:13:00:AUTO UPDATE : skipping GANG SHOP.
08/31/26 22:13:00:AUTO UPDATE : skipping GANG SHOP.
08/31/26 22:13:00:AUTO UPDATE : skipping GANG SHOP.
08/31/26 22:13:00:AUTO UPDATE : skipping GANG SHOP.
08/31/26 22:13:00:AUTO UPDATE : skipping GANG SHOP.
08/31/26 22:13:02:AUTO UPDATE : skipping GANG SHOP.
08/31/26 22:13:02:AUTO UPDATE : skipping GANG SHOP.
08/31/26 22:13:02:AUTO UPDATE : skipping GANG SHOP.
08/31/26 22:13:02:AUTO UPDATE : skipping GANG SHOP.
08/31/26 22:13:02:AUTO UPDATE : skipping GANG SHOP.
08/31/26 22:13:02:AUTO UPDATE : skipping GANG SHOP.
08/31/26 22:13:02:AUTO UPDATE : skipping GANG SHOP.
08/31/26 22:13:02:AUTO UPDATE : skipping GANG SHOP.
08/31/26 22:13:02:AUTO UPDATE : skipping GANG SHOP.
08/31/26 22:13:02:AUTO UPDATE : skipping GANG SHOP.
08/31/26 22:13:02:AUTO UPDATE : skipping GANG SHOP.
08/31/26 22:35:40:Max Active: 0
08/31/26 22:35:40:Item Crest of Silvermere added to monster 22
08/31/26 22:35:40:Item gavel of justice added to monster 23
08/31/26 22:35:40:Item golden braided belt added to monster 23
08/31/26 22:35:40:Max Active: 27
08/31/26 22:35:44:Item ancient sword added to monster 93
08/31/26 22:35:52:Item curved bone dagger added to monster 179
08/31/26 22:36:16:Item gold ring added to monster 424
08/31/26 22:36:20:Item holy medallion added to monster 497
08/31/26 22:36:20:Item ruby necklace added to monster 497
08/31/26 22:36:20:Item platinum bracers added to monster 497
08/31/26 22:36:20:Item black leather tunic added to monster 497
08/31/26 22:36:20:Item platinum ring added to monster 497
08/31/26 22:36:20:Item golden belt added to monster 498
08/31/26 22:36:20:Item huge darkwood club added to monster 498
08/31/26 22:36:22:Item gold ring added to monster 520
08/31/26 22:36:22:Item belt of faith added to monster 520
08/31/26 22:36:22:Item jeweled longsword added to monster 520
08/31/26 22:36:26:Item rosewood staff added to monster 565
08/31/26 22:36:26:Item golden breastplate added to monster 565
08/31/26 22:36:26:Item golden broadsword added to monster 565
08/31/26 22:36:26:Item shimmering white robes added to monster 565
08/31/26 22:36:26:Item bone-handled headcutter added to monster 566
08/31/26 22:37:18:Item skull wand added to monster 1102
08/31/26 22:37:22:Item huge broken willow added to monster 1133
08/31/26 22:37:30:Item silverwood helm added to monster 1244
08/31/26 22:37:32:Item emerald-tipped crozier added to monster 1257
08/31/26 22:37:32:Item blades of balance added to monster 1262
08/31/26 22:37:34:Item holy avenger added to monster 1274
08/31/26 22:37:34:Item blood lance added to monster 1284
08/31/26 22:37:34:Item mithril helm added to monster 1293
08/31/26 22:37:36:Item silverwood staff added to monster 1296
08/31/26 22:37:36:Item dragonclaw staff added to monster 1297
08/31/26 22:37:38:Item vortex staff added to monster 1298
08/31/26 22:37:38:Item barbed circlet added to monster 1298
08/31/26 22:38:36:Item golden sickle added to monster 1913
08/31/26 22:38:36:Item antlered helm added to monster 1913
08/31/26 22:38:46:Item tree trunk added to monster 2008
08/31/26 22:38:58:Item hell-flail added to monster 2144
08/31/26 22:39:00:Item thunderstaff added to monster 2160
08/31/26 22:39:02:Item katana added to monster 2181
08/31/26 22:39:02:Item skull sword added to monster 2184
08/31/26 22:39:02:Item black plate corselet added to monster 2184
08/31/26 22:39:12:Item rune-etched sceptre added to monster 2332
08/31/26 22:39:14:Item adamantite claymore added to monster 2354
08/31/26 22:39:14:Item obsidian field plate added to monster 2354
08/31/26 22:39:16:Item twisted bone staff added to monster 2379
08/31/26 22:39:16:Item nightblack portal added to monster 2379
08/31/26 22:39:20:Item jeweled adamantite longsword added to monster 2475
08/31/26 22:39:20:Item adamantite katana added to monster 2476
08/31/26 22:39:30:Item laen longsword added to monster 2636
08/31/26 22:39:56:Item emerald-hilted rapier added to monster 3033
08/31/26 22:40:04:Item skull mask added to monster 3131
08/31/26 22:40:10:Item frost sceptre added to monster 3216
08/31/26 22:40:16:Item jeweled turban added to monster 3315
08/31/26 22:40:28:Item golden pike added to monster 3445
08/31/26 22:40:36:Item crescent moon staff added to monster 3568
08/31/26 22:40:38:Item golden headdress added to monster 3574
08/31/26 22:40:38:Item meteorite rod added to monster 3574
08/31/26 22:40:38:Item rainbow stone added to monster 3578
08/31/26 22:40:38:Item spiked obsidian collar added to monster 3578
08/31/26 22:40:50:Item lifestealer added to monster 3813
08/31/26 22:40:54:Item black embroidered robes added to monster 3869
08/31/26 22:40:58:Item daikatana added to monster 3932
08/31/26 22:41:18:Item Demon's Maw added to monster 4282
08/31/26 22:41:18:Item demon's skull mask added to monster 4284
08/31/26 22:41:18:Item amber sceptre added to monster 4284
08/31/26 2209/01/26 01:21:22:Max Active: 0
09/01/26 01:21:24:Item Crest of Silvermere added to monster 22
09/01/26 01:21:24:Item gavel of justice added to monster 23
09/01/26 01:21:24:Item golden braided belt added to monster 23
09/01/26 01:21:24:Max Active: 27
09/01/26 01:21:30:Item ancient sword added to monster 95
09/01/26 01:21:36:Item curved bone dagger added to monster 182
09/01/26 01:22:00:Item gold ring added to monster 428
09/01/26 01:22:04:Item holy medallion added to monster 501
09/01/26 01:22:04:Item ruby necklace added to monster 501
09/01/26 01:22:04:Item platinum bracers added to monster 501
09/01/26 01:22:04:Item black leather tunic added to monster 501
09/01/26 01:22:04:Item platinum ring added to monster 501
09/01/26 01:22:04:Item golden belt added to monster 502
09/01/26 01:22:04:Item huge darkwood club added to monster 502
09/01/26 01:22:10:Item rosewood staff added to monster 572
09/01/26 01:22:10:Item golden breastplate added to monster 572
09/01/26 01:22:10:Item golden broadsword added to monster 572
09/01/26 01:22:10:Item shimmering white robes added to monster 572
09/01/26 01:22:10:Item bone-handled headcutter added to monster 573
09/01/26 01:23:02:Item skull wand added to monster 1109
09/01/26 01:23:06:Item huge broken willow added to monster 1140
09/01/26 01:23:16:Item silverwood helm added to monster 1251
09/01/26 01:23:16:Item blades of balance added to monster 1269
09/01/26 01:23:16:Item emerald-tipped crozier added to monster 1270
09/01/26 01:23:18:Item holy avenger added to monster 1283
09/01/26 01:23:18:Item blood lance added to monster 1291
09/01/26 01:23:20:Item mithril helm added to monster 1298
09/01/26 01:23:20:Item silverwood staff added to monster 1300
09/01/26 01:23:20:Item dragonclaw staff added to monster 1304
09/01/26 01:23:22:Item vortex staff added to monster 1305
09/01/26 01:23:22:Item barbed circlet added to monster 1305
09/01/26 01:24:20:Item golden sickle added to monster 1919
09/01/26 01:24:20:Item antlered helm added to monster 1919
09/01/26 01:24:30:Item tree trunk added to monster 2007
09/01/26 01:24:42:Item hell-flail added to monster 2143
09/01/26 01:24:44:Item thunderstaff added to monster 2159
09/01/26 01:24:44:Item katana added to monster 2180
09/01/26 01:24:44:Item skull sword added to monster 2183
09/01/26 01:24:44:Item black plate corselet added to monster 2183
09/01/26 01:24:56:Item rune-etched sceptre added to monster 2331
09/01/26 01:24:58:Item adamantite claymore added to monster 2353
09/01/26 01:24:58:Item obsidian field plate added to monster 2353
09/01/26 01:25:00:Item twisted bone staff added to monster 2378
09/01/26 01:25:00:Item nightblack portal added to monster 2378
09/01/26 01:25:04:Item jeweled adamantite longsword added to monster 2474
09/01/26 01:25:04:Item adamantite katana added to monster 2475
09/01/26 01:25:14:Item laen longsword added to monster 2635
09/01/26 01:25:38:Item emerald-hilted rapier added to monster 3026
09/01/26 01:25:48:Item skull mask added to monster 3122
09/01/26 01:25:54:Item frost sceptre added to monster 3207
09/01/26 01:25:58:Item jeweled turban added to monster 3310
09/01/26 01:26:12:Item golden pike added to monster 3440
09/01/26 01:26:20:Item crescent moon staff added to monster 3563
09/01/26 01:26:20:Item golden headdress added to monster 3569
09/01/26 01:26:20:Item meteorite rod added to monster 3569
09/01/26 01:26:22:Item rainbow stone added to monster 3573
09/01/26 01:26:22:Item spiked obsidian collar added to monster 3573
09/01/26 01:26:32:Item lifestealer added to monster 3805
09/01/26 01:26:36:Item black embroidered robes added to monster 3861
09/01/26 01:26:40:Item daikatana added to monster 3924
09/01/26 01:27:00:Item Demon's Maw added to monster 4274
09/01/26 01:27:00:Item demon's skull mask added to monster 4276
09/01/26 01:27:00:Item amber sceptre added to monster 4276
09/01/26 01:27:02:Item obsidian claymore added to monster 4304
09/01/26 01:27:02:Item flaming scimitar added to monster 4304
09/01/26 01:27:02:Item flaming portal added to monster 4304
09/01/26 02:51:48:Max Active: 7354
09/01/26 03:10:00:Max Active: 7354
09/01/26 06:15:40:AUTO UPDATE : skipping GANG SHOP.
09/01/26 06:15:42:AUTO UPDATE : skipping GANG SHOP.
09/01/26 06:15:42:AUTO UPDATE : skipping GANG SHOP.
09/01/26 06:15:44:AUTO UPDATE : skipping GANG SHOP.
09/01/26 06:15:44:AUTO UPDATE : skipping GANG SHOP.
09/01/26 06:15:46:AUTO UPDATE : skipping GANG SHOP.
09/01/26 06:15:46:AUTO UPDATE : skipping GANG SHOP.
09/01/26 06:15:48:AUTO UPDATE : skipping GANG SHOP.
09/01/26 06:15:48:AUTO UPDATE : skipping GANG SHOP.
09/01/26 06:15:50:AUTO UPDATE : skipping GANG SHOP.
09/01/26 06:15:50:AUTO UPDATE : skipping GANG SHOP.
09/01/26 06:15:54:AUTO UPDATE : skipping GANG SHOP.
09/01/26 06:15:54:AUTO UPDATE : skipping GANG SHOP.
09/01/26 06:15:56:AUTO UPDATE : skipping GANG SHOP.
09/01/26 06:15:56:AUTO UPDATE : skipping GANG SHOP.
09/01/26 06:15:58:AUTO UPDATE : skipping GANG SHOP.
09/01/26 06:15:58:AUTO UPDATE : skipping GANG SHOP.
09/01/26 06:16:00:AUTO UPDATE : skipping GANG SHOP.
09/01/26 06:16:00:AUTO UPDATE : skipping GANG SHOP.
09/01/26 06:16:02:AUTO UPDATE : skipping GANG SHOP.
09/01/26 06:16:02:AUTO UPDATE : skipping GANG SHOP.
09/02/26 17:02:10:Max Active: 13659
09/02/26 17:17:48:AUTO UPDATE : skipping GANG SHOP.
09/02/26 17:17:48:AUTO UPDATE : skipping GANG SHOP.
09/02/26 17:17:48:AUTO UPDATE : skipping GANG SHOP.
09/02/26 17:17:48:AUTO UPDATE : skipping GANG SHOP.
09/02/26 17:17:48:AUTO UPDATE : skipping GANG SHOP.
09/02/26 17:17:48:AUTO UPDATE : skipping GANG SHOP.
09/02/26 17:17:48:AUTO UPDATE : skipping GANG SHOP.
09/02/26 17:17:48:AUTO UPDATE : skipping GANG SHOP.
09/02/26 17:17:48:AUTO UPDATE : skipping GANG SHOP.
09/02/26 17:17:48:AUTO UPDATE : skipping GANG SHOP.
09/02/26 17:17:48:AUTO UPDATE : skipping GANG SHOP.
09/02/26 17:17:48:AUTO UPDATE : skipping GANG SHOP.
09/02/26 17:17:48:AUTO UPDATE : skipping GANG SHOP.
09/02/26 17:17:48:AUTO UPDATE : skipping GANG SHOP.
09/02/26 17:17:48:AUTO UPDATE : skipping GANG SHOP.
09/02/26 17:17:48:AUTO UPDATE : skipping GANG SHOP.
09/02/26 17:17:48:AUTO UPDATE : skipping GANG SHOP.
09/02/26 17:17:48:AUTO UPDATE : skipping GANG SHOP.
09/02/26 17:17:48:AUTO UPDATE : skipping GANG SHOP.
09/02/26 17:17:48:AUTO UPDATE : skipping GANG SHOP.
09/02/26 17:17:48:AUTO UPDATE : skipping GANG SHOP.
09/02/26 17:18:42:Max Active: 13662
09/02/26 17:23:30:AUTO UPDATE : skipping GANG SHOP.
09/02/26 17:23:30:AUTO UPDATE : skipping GANG SHOP.
09/02/26 17:23:30:AUTO UPDATE : skipping GANG SHOP.
09/02/26 17:23:30:AUTO UPDATE : skipping GANG SHOP.
09/02/26 17:23:30:AUTO UPDATE : skipping GANG SHOP.
09/02/26 17:23:30:AUTO UPDATE : skipping GANG SHOP.
09/02/26 17:23:30:AUTO UPDATE : skipping GANG SHOP.
09/02/26 17:23:30:AUTO UPDATE : skipping GANG SHOP.
09/02/26 17:23:30:AUTO UPDATE : skipping GANG SHOP.
09/02/26 17:23:30:AUTO UPDATE : skipping GANG SHOP.
09/02/26 17:23:30:AUTO UPDATE : skipping GANG SHOP.
09/02/26 17:23:30:AUTO UPDATE : skipping GANG SHOP.
09/02/26 17:23:30:AUTO UPDATE : skipping GANG SHOP.
09/02/26 17:23:30:AUTO UPDATE : skipping GANG SHOP.
09/02/26 17:23:30:AUTO UPDATE : skipping GANG SHOP.
09/02/26 17:23:30:AUTO UPDATE : skipping GANG SHOP.
09/02/26 17:23:30:AUTO UPDATE : skipping GANG SHOP.
09/02/26 17:23:30:AUTO UPDATE : skipping GANG SHOP.
09/02/26 17:23:30:AUTO UPDATE : skipping GANG SHOP.
09/02/26 17:23:30:AUTO UPDATE : skipping GANG SHOP.
09/02/26 17:23:30:AUTO UPDATE : skipping GANG SHOP.
09/02/26 18:31:56:Max Active: 13695
09/02/26 18:38:14:AUTO UPDATE : skipping GANG SHOP.
09/02/26 18:38:14:AUTO UPDATE : skipping GANG SHOP.
09/02/26 18:38:14:AUTO UPDATE : skipping GANG SHOP.
09/02/26 18:38:14:AUTO UPDATE : skipping GANG SHOP.
09/02/26 18:38:14:AUTO UPDATE : skipping GANG SHOP.
09/02/26 18:38:14:AUTO UPDATE : skipping GANG SHOP.
09/02/26 18:38:14:AUTO UPDATE : skipping GANG SHOP.
09/02/26 18:38:14:AUTO UPDATE : skipping GANG SHOP.
09/02/26 18:38:14:AUTO UPDATE : skipping GANG SHOP.
09/02/26 18:38:14:AUTO UPDATE : skipping GANG SHOP.
09/02/26 18:38:14:AUTO UPDATE : skipping GANG SHOP.
09/02/26 18:38:14:AUTO UPDATE : skipping GANG SHOP.
09/02/26 18:38:14:AUTO UPDATE : skipping GANG SHOP.
09/02/26 18:38:14:AUTO UPDATE : skipping GANG SHOP.
09/02/26 18:38:14:AUTO UPDATE : skipping GANG SHOP.
09/02/26 18:38:14:AUTO UPDATE : skipping GANG SHOP.
09/02/26 18:38:14:AUTO UPDATE : skipping GANG SHOP.
09/02/26 18:38:14:AUTO UPDATE : skipping GANG SHOP.
09/02/26 18:38:14:AUTO UPDATE : skipping GANG SHOP.
09/02/26 18:38:14:AUTO UPDATE : skipping GANG SHOP.
09/02/26 18:38:14:AUTO UPDATE : skipping GANG SHOP.
09/02/26 20:42:46:Max Active: 13731
09/02/26 20:45:38:AUTO UPDATE : skipping GANG SHOP.
09/02/26 20:45:38:AUTO UPDATE : skipping GANG SHOP.
09/02/26 20:45:38:AUTO UPDATE : skipping GANG SHOP.
09/02/26 20:45:38:AUTO UPDATE : skipping GANG SHOP.
09/02/26 20:45:38:AUTO UPDATE : skipping GANG SHOP.
09/02/26 20:45:38:AUTO UPDATE : skipping GANG SHOP.
09/02/26 20:45:38:AUTO UPDATE : skipping GANG SHOP.
09/02/26 20:45:38:AUTO UPDATE : skipping GANG SHOP.
09/02/26 20:45:38:AUTO UPDATE : skipping GANG SHOP.
09/02/26 20:45:38:AUTO UPDATE : skipping GANG SHOP.
09/02/26 20:45:38:AUTO UPDATE : skipping GANG SHOP.
09/02/26 20:45:38:AUTO UPDATE : skipping GANG SHOP.
09/02/26 20:45:38:AUTO UPDATE : skipping GANG SHOP.
09/02/26 20:45:38:AUTO UPDATE : skipping GANG SHOP.
09/02/26 20:45:38:AUTO UPDATE : skipping GANG SHOP.
09/02/26 20:45:38:AUTO UPDATE : skipping GANG SHOP.
09/02/26 20:45:38:AUTO UPDATE : skipping GANG SHOP.
09/02/26 20:45:38:AUTO UPDATE : skipping GANG SHOP.
09/02/26 20:45:38:AUTO UPDATE : skipping GANG SHOP.
09/02/26 20:45:38:AUTO UPDATE : skipping GANG SHOP.
09/02/26 20:45:38:AUTO UPDATE : skipping GANG SHOP.
09/02/26 23:47:22:Max Active: 13743
09/02/26 23:51:04:AUTO UPDATE : skipping GANG SHOP.
09/02/26 23:51:04:AUTO UPDATE : skipping GANG SHOP.
09/02/26 23:51:04:AUTO UPDATE : skipping GANG SHOP.
09/02/26 23:51:04:AUTO UPDATE : skipping GANG SHOP.
09/02/26 23:51:04:AUTO UPDATE : skipping GANG SHOP.
09/02/26 23:51:04:AUTO UPDATE : skipping GANG SHOP.
09/02/26 23:51:04:AUTO UPDATE : skipping GANG SHOP.
09/02/26 23:51:04:AUTO UPDATE : skipping GANG SHOP.
09/02/26 23:51:04:AUTO UPDATE : skipping GANG SHOP.
09/02/26 23:51:04:AUTO UPDATE : skipping GANG SHOP.
09/02/26 23:51:04:AUTO UPDATE : skipping GANG SHOP.
09/02/26 23:51:04:AUTO UPDATE : skipping GANG SHOP.
09/02/26 23:51:04:AUTO UPDATE : skipping GANG SHOP.
09/02/26 23:51:04:AUTO UPDATE : skipping GANG SHOP.
09/02/26 23:51:04:AUTO UPDATE : skipping GANG SHOP.
09/02/26 23:51:04:AUTO UPDATE : skipping GANG SHOP.
09/02/26 23:51:04:AUTO UPDATE : skipping GANG SHOP.
09/02/26 23:51:04:AUTO UPDATE : skipping GANG SHOP.
09/02/26 23:51:04:AUTO UPDATE : skipping GANG SHOP.
09/02/26 23:51:04:AUTO UPDATE : skipping GANG SHOP.
09/02/26 23:51:04:AUTO UPDATE : skipping GANG SHOP.
09/03/26 03:10:00:Entering cleanup
09/03/26 03:10:02:GANGHOUSE : Adding gang house deed for gang house 1 back into deed shop.
09/03/26 03:10:02:GANGHOUSE : Adding gang house deed for gang house 2 back into deed shop.
09/03/26 03:10:02:GANGHOUSE : Adding gang house deed for gang house 3 back into deed shop.
09/03/26 03:10:02:GANGHOUSE : Adding gang house deed for gang house 4 back into deed shop.
09/03/26 03:10:02:GANGHOUSE : Adding gang house deed for gang house 6 back into deed shop.
09/03/26 03:10:02:GANGHOUSE : Adding gang house deed for gang house 5 back into deed shop.
09/03/26 03:10:02:GANGHOUSE : Adding gang house deed for gang house 7 back into deed shop.
09/03/26 03:10:02:GANGHOUSE : Adding gang house deed for gang house 8 back into deed shop.
09/03/26 03:10:02:GANGHOUSE : Adding gang house deed for gang house 9 back into deed shop.
09/03/26 03:10:02:GANGHOUSE : Adding gang house deed for gang house 10 back into deed shop.
09/03/26 03:10:02:GANGHOUSE : DELETE_AT_CLEANUP : Skipping room cleanup. Room 850 Map 15 Gang house Number 10.
09/03/26 03:10:02:GANGHOUSE : DELETE_AT_CLEANUP : Skipping room cleanup. Room 851 Map 15 Gang house Number 10.
09/03/26 03:10:02:GANGHOUSE : DELETE_AT_CLEANUP : Skipping room cleanup. Room 852 Map 15 Gang house Number 10.
09/03/26 03:10:02:GANGHOUSE : DELETE_AT_CLEANUP : Skipping room cleanup. Room 853 Map 15 Gang house Number 10.
09/03/26 03:10:02:GANGHOUSE : DELETE_AT_CLEANUP : Skipping room cleanup. Room 854 Map 15 Gang house Number 10.
09/03/26 03:10:02:GANGHOUSE : DELETE_AT_CLEANUP : Skipping room cleanup. Room 855 Map 15 Gang house Number 10.
09/03/26 03:10:02:GANGHOUSE : DELETE_AT_CLEANUP : Skipping room cleanup. Room 856 Map 15 Gang house Number 10.
09/03/26 03:10:02:GANGHOUSE : DELETE_AT_CLEANUP : Skipping room cleanup. Room 857 Map 15 Gang house Number 10.
09/03/26 03:10:02:GANGHOUSE : DELETE_AT_CLEANUP : Skipping room cleanup. Room 858 Map 15 Gang house Number 10.
09/03/26 03:10:02:GANGHOUSE : DELETE_AT_CLEANUP : Skipping room cleanup. Room 859 Map 15 Gang house Number 10.
09/03/26 03:10:02:GANGHOUSE : DELETE_AT_CLEANUP : Skipping room cleanup. Room 860 Map 15 Gang house Number 10.
09/03/26 03:10:02:GANGHOUSE : DELETE_AT_CLEANUP : Skipping room cleanup. Room 861 Map 15 Gang house Number 10.
09/03/26 03:10:02:GANGHOUSE : DELETE_AT_CLEANUP : Skipping room cleanup. Room 862 Map 15 Gang house Number 9.
09/03/26 03:10:02:GANGHOUSE : DELETE_AT_CLEANUP : Skipping room cleanup. Room 863 Map 15 Gang house Number 9.
09/03/26 03:10:02:GANGHOUSE : DELETE_AT_CLEANUP : Skipping room cleanup. Room 864 Map 15 Gang house Number 9.
09/03/26 03:10:02:GANGHOUSE : DELETE_AT_CLEANUP : Skipping room cleanup. Room 865 Map 15 Gang house Number 9.
09/03/26 03:10:02:GANGHOUSE : DELETE_AT_CLEANUP : Skipping room cleanup. Room 866 Map 15 Gang house Number 9.
09/03/26 03:10:02:GANGHOUSE : DELETE_AT_CLEANUP : Skipping room cleanup. Room 867 Map 15 Gang house Number 9.
09/03/26 03:10:02:GANGHOUSE : DELETE_AT_CLEANUP : Skipping room cleanup. Room 868 Map 15 Gang house Number 9.
09/03/26 03:10:02:GANGHOUSE : DELETE_AT_CLEANUP : Skipping room cleanup. Room 869 Map 15 Gang house Number 9.
09/03/26 03:10:02:GANGHOUSE : DELETE_AT_CLEANUP : Skipping room cleanup. Room 870 Map 15 Gang house Number 9.
09/03/26 03:10:02:GANGHOUSE : DELETE_AT_CLEANUP : Skipping room cleanup. Room 871 Map 15 Gang house Number 9.
09/03/26 03:10:02:GANGHOUSE : DELETE_AT_CLEANUP : Skipping room cleanup. Room 872 Map 15 Gang house Number 9.
09/03/26 03:10:02:GANGHOUSE : DELETE_AT_CLEANUP : Skipping room cleanup. Room 873 Map 15 Gang house Number 8.
09/03/26 03:10:02:GANGHOUSE : DELETE_AT_CLEANUP : Skipping room cleanup. Room 874 Map 15 Gang house Number 2.
09/03/26 03:10:02:GANGHOUSE : DELETE_AT_CLEANUP : Skipping room cleanup. Room 875 Map 15 Gang house Number 2.
09/03/26 03:10:02:GANGHOUSE : DELETE_AT_CLEANUP : Skipping room cleanup. Room 876 Map 15 Gang house Number 2.
09/03/26 03:10:02:GANGHOUSE : DELETE_AT_CLEANUP : Skipping room cleanup. Room 877 Map 15 Gang house Number 2.
09/03/26 03:10:02:GANGHOUSE : DELETE_AT_CLEANUP : Skipping room cleanup. Room 878 Map 15 Gang house Number 2.
09/03/26 03:10:02:GANGHOUSE : DELETE_AT_CLEANUP : Skipping room cleanup. Room 879 Map 15 Gang house Number 2.
09/03/26 03:10:02:GANGHOUSE : DELETE_AT_CLEANUP : Skipping room cleanup. Room 880 Map 15 Gang house Number 2.
09/03/26 03:10:02:GANGHOUSE : DELETE_AT_CLEANUP : Skipping room cleanup. Room 881 Map 15 Gang house Number 2.
09/03/26 03:10:02:GANGHOUSE : DELETE_AT_CLEANUP : Skipping room cleanup. Room 882 Map 15 Gang house Number 3.
09/03/26 03:10:02:GANGHOUSE : DELETE_AT_CLEANUP : Skipping room cleanup. Room 883 Map 15 Gang house Number 3.
09/03/26 03:10:02:GANGHOUSE : DELETE_AT_CLEANUP : Skipping room cleanup. Room 884 Map 15 Gang house Number 3.
09/03/26 03:10:02:GANGHOUSE : DELETE_AT_CLEANUP : Skipping room cleanup. Room 885 Map 15 Gang house Number 3.
09/03/26 03:10:02:GANGHOUSE : DELETE_AT_CLEANUP : Skipping room cleanup. Room 886 Map 15 Gang house Number 3.
09/03/26 03:10:02:GANGHOUSE : DELETE_AT_CLEANUP : Skipping room cleanup. Room 887 Map 15 Gang house Number 3.
09/03/26 03:10:02:GANGHOUSE : DELETE_AT_CLEANUP : Skipping room cleanup. Room 888 Map 15 Gang house Number 3.
09/03/26 03:10:02:GANGHOUSE : DELETE_AT_CLEANUP : Skipping room cleanup. Room 889 Map 15 Gang house Number 3.
09/03/26 03:10:02:GANGHOUSE : DELETE_AT_CLEANUP : Skipping room cleanup. Room 890 Map 15 Gang house Number 3.
09/03/26 03:10:02:GANGHOUSE : DELETE_AT_CLEANUP : Skipping room cleanup. Room 891 Map 15 Gang house Number 5.
09/03/26 03:10:02:GANGHOUSE : DELETE_AT_CLEANUP : Skipping room cleanup. Room 892 Map 15 Gang house Number 5.
09/03/26 03:10:02:GANGHOUSE : DELETE_AT_CLEANUP : Skipping room cleanup. Room 893 Map 15 Gang house Number 5.
09/03/26 03:10:02:GANGHOUSE : DELETE_AT_CLEANUP : Skipping room cleanup. Room 894 Map 15 Gang house Number 5.
09/03/26 03:10:02:GANGHOUSE : DELETE_AT_CLEANUP : Skipping room cleanup. Room 895 Map 15 Gang house Number 5.
09/03/26 03:10:02:GANGHOUSE : DELETE_AT_CLEANUP : Skipping room cleanup. Room 896 Map 15 Gang house Number 5.
09/03/26 03:10:02:GANGHOUSE : DELETE_AT_CLEANUP : Skipping room cleanup. Room 897 Map 15 Gang house Number 5.
09/03/26 03:10:02:GANGHOUSE : DELETE_AT_CLEANUP : Skipping room cleanup. Room 898 Map 15 Gang house Number 5.
09/03/26 03:10:02:GANGHOUSE : DELETE_AT_CLEANUP : Skipping room cleanup. Room 899 Map 15 Gang house Number 5.
09/03/26 03:10:02:GANGHOUSE : DELETE_AT_CLEANUP : Skipping room cleanup. Room 900 Map 15 Gang house Number 5.
09/03/26 03:10:02:GANGHOUSE : DELETE_AT_CLEANUP : Skipping room cleanup. Room 901 Map 15 Gang house Number 5.
09/03/26 03:10:02:GANGHOUSE : DELETE_AT_CLEANUP : Skipping room cleanup. Room 902 Map 15 Gang house Number 5.
09/03/26 03:10:02:GANGHOUSE : DELETE_AT_CLEANUP : Skipping room cleanup. Room 903 Map 15 Gang house Number 1.
09/03/26 03:10:02:GANGHOUSE : DELETE_AT_CLEANUP : Skipping room cleanup. Room 904 Map 15 Gang house Number 1.
09/03/26 03:10:02:GANGHOUSE : DELETE_AT_CLEANUP : Skipping room cleanup. Room 905 Map 15 Gang house Number 1.
09/03/26 03:10:02:GANGHOUSE : DELETE_AT_CLEANUP : Skipping room cleanup. Room 906 Map 15 Gang house Number 1.
09/03/26 03:10:02:GANGHOUSE : DELETE_AT_CLEANUP : Skipping room cleanup. Room 907 Map 15 Gang house Number 1.
09/03/26 03:10:02:GANGHOUSE : DELETE_AT_CLEANUP : Skipping room cleanup. Room 908 Map 15 Gang house Number 1.
09/03/26 03:10:02:GANGHOUSE : DELETE_AT_CLEANUP : Skipping room cleanup. Room 909 Map 15 Gang house Number 8.
09/03/26 03:10:02:GANGHOUSE : DELETE_AT_CLEANUP : Skipping room cleanup. Room 910 Map 15 Gang house Number 8.
09/03/26 03:10:02:GANGHOUSE : DELETE_AT_CLEANUP : Skipping room cleanup. Room 911 Map 15 Gang house Number 8.
09/03/26 03:10:02:GANGHOUSE : DELETE_AT_CLEANUP : Skipping room cleanup. Room 912 Map 15 Gang house Number 8.
09/03/26 03:10:02:GANGHOUSE : DELETE_AT_CLEANUP : Skipping room cleanup. Room 913 Map 15 Gang house Number 8.
09/03/26 03:10:02:GANGHOUSE : DELETE_AT_CLEANUP : Skipping room cleanup. Room 914 Map 15 Gang house Number 8.
09/03/26 03:10:02:GANGHOUSE : DELETE_AT_CLEANUP : Skipping room cleanup. Room 915 Map 15 Gang house Number 8.
09/03/26 03:10:02:GANGHOUSE : DELETE_AT_CLEANUP : Skipping room cleanup. Room 916 Map 15 Gang house Number 8.
09/03/26 03:10:02:GANGHOUSE : DELETE_AT_CLEANUP : Skipping room cleanup. Room 917 Map 15 Gang house Number 8.
09/03/26 03:10:02:GANGHOUSE : DELETE_AT_CLEANUP : Skipping room cleanup. Room 918 Map 15 Gang house Number 8.
09/03/26 03:10:02:GANGHOUSE : DELETE_AT_CLEANUP : Skipping room cleanup. Room 919 Map 15 Gang house Number 8.
09/03/26 03:10:02:GANGHOUSE : DELETE_AT_CLEANUP : Skipping room cleanup. Room 920 Map 15 Gang house Number 8.
09/03/26 03:10:02:GANGHOUSE : DELETE_AT_CLEANUP : Skipping room cleanup. Room 921 Map 15 Gang house Number 8.
09/03/26 03:10:02:GANGHOUSE : DELETE_AT_CLEANUP : Skipping room cleanup. Room 922 Map 15 Gang house Number 8.
09/03/26 03:10:02:GANGHOUSE : DELETE_AT_CLEANUP : Skipping room cleanup. Room 923 Map 15 Gang house Number 4.
09/03/26 03:10:02:GANGHOUSE : DELETE_AT_CLEANUP : Skipping room cleanup. Room 924 Map 15 Gang house Number 4.
09/03/26 03:10:02:GANGHOUSE : DELETE_AT_CLEANUP : Skipping room cleanup. Room 925 Map 15 Gang house Number 4.
09/03/26 03:10:02:GANGHOUSE : DELETE_AT_CLEANUP : Skipping room cleanup. Room 926 Map 15 Gang house Number 4.
09/03/26 03:10:02:GANGHOUSE : DELETE_AT_CLEANUP : Skipping room cleanup. Room 927 Map 15 Gang house Number 4.
09/03/26 03:10:02:GANGHOUSE : DELETE_AT_CLEANUP : Skipping room cleanup. Room 928 Map 15 Gang house Number 4.
09/03/26 03:10:02:GANGHOUSE : DELETE_AT_CLEANUP : Skipping room cleanup. Room 929 Map 15 Gang house Number 4.
09/03/26 03:10:02:GANGHOUSE : DELETE_AT_CLEANUP : Skipping room cleanup. Room 930 Map 15 Gang house Number 4.
09/03/26 03:10:02:GANGHOUSE : DELETE_AT_CLEANUP : Skipping room cleanup. Room 931 Map 15 Gang house Number 4.
09/03/26 03:10:02:GANGHOUSE : DELETE_AT_CLEANUP : Skipping room cleanup. Room 932 Map 15 Gang house Number 4.
09/03/26 03:10:02:GANGHOUSE : DELETE_AT_CLEANUP : Skipping room cleanup. Room 933 Map 15 Gang house Number 7.
09/03/26 03:10:02:GANGHOUSE : DELETE_AT_CLEANUP : Skipping room cleanup. Room 934 Map 15 Gang house Number 7.
09/03/26 03:10:02:GANGHOUSE : DELETE_AT_CLEANUP : Skipping room cleanup. Room 935 Map 15 Gang house Number 7.
09/03/26 03:10:02:GANGHOUSE : DELETE_AT_CLEANUP : Skipping room cleanup. Room 936 Map 15 Gang house Number 7.
09/03/26 03:10:02:GANGHOUSE : DELETE_AT_CLEANUP : Skipping room cleanup. Room 937 Map 15 Gang house Number 7.
09/03/26 03:10:02:GANGHOUSE : DELETE_AT_CLEANUP : Skipping room cleanup. Room 938 Map 15 Gang house Number 7.
09/03/26 03:10:02:GANGHOUSE : DELETE_AT_CLEANUP : Skipping room cleanup. Room 939 Map 15 Gang house Number 7.
09/03/26 03:10:02:GANGHOUSE : DELETE_AT_CLEANUP : Skipping room cleanup. Room 940 Map 15 Gang house Number 7.
09/03/26 03:10:02:GANGHOUSE : DELETE_AT_CLEANUP : Skipping room cleanup. Room 941 Map 15 Gang house Number 7.
09/03/26 03:10:02:GANGHOUSE : DELETE_AT_CLEANUP : Skipping room cleanup. Room 942 Map 15 Gang house Number 7.
09/03/26 03:10:02:GANGHOUSE : DELETE_AT_CLEANUP : Skipping room cleanup. Room 943 Map 15 Gang house Number 7.
09/03/26 03:10:02:GANGHOUSE : DELETE_AT_CLEANUP : Skipping room cleanup. Room 944 Map 15 Gang house Number 7.
09/03/26 03:10:02:GANGHOUSE : DELETE_AT_CLEANUP : Skipping room cleanup. Room 945 Map 15 Gang house Number 7.
09/03/26 03:10:02:GANGHOUSE : DELETE_AT_CLEANUP : Skipping room cleanup. Room 946 Map 15 Gang house Number 7.
09/03/26 03:10:02:GANGHOUSE : DELETE_AT_CLEANUP : Skipping room cleanup. Room 947 Map 15 Gang house Number 6.
09/03/26 03:10:02:GANGHOUSE : DELETE_AT_CLEANUP : Skipping room cleanup. Room 948 Map 15 Gang house Number 6.
09/03/26 03:10:02:GANGHOUSE : DELETE_AT_CLEANUP : Skipping room cleanup. Room 949 Map 15 Gang house Number 6.
09/03/26 03:10:02:GANGHOUSE : DELETE_AT_CLEANUP : Skipping room cleanup. Room 950 Map 15 Gang house Number 6.
09/03/26 03:10:02:GANGHOUSE : DELETE_AT_CLEANUP : Skipping room cleanup. Room 951 Map 15 Gang house Number 6.
09/03/26 03:10:02:GANGHOUSE : DELETE_AT_CLEANUP : Skipping room cleanup. Room 952 Map 15 Gang house Number 6.
09/03/26 03:10:02:GANGHOUSE : DELETE_AT_CLEANUP : Skipping room cleanup. Room 953 Map 15 Gang house Number 6.
09/03/26 03:10:02:GANGHOUSE : DELETE_AT_CLEANUP : Skipping room cleanup. Room 954 Map 15 Gang house Number 6.
09/03/26 03:10:02:GANGHOUSE : DELETE_AT_CLEANUP : Skipping room cleanup. Room 955 Map 15 Gang house Number 6.
09/03/26 03:10:02:GANGHOUSE : DELETE_AT_CLEANUP : Skipping room cleanup. Room 956 Map 15 Gang house Number 6.
09/03/26 03:10:02:GANGHOUSE : DELETE_AT_CLEANUP : Skipping room cleanup. Room 957 Map 15 Gang house Number 6.
09/03/26 03:10:02:GANGHOUSE : DELETE_AT_CLEANUP : Skipping room cleanup. Room 958 Map 15 Gang house Number 6.
09/03/26 03:10:02:GANGHOUSE : DELETE_AT_CLEANUP : Skipping room cleanup. Room 959 Map 15 Gang house Number 6.
09/03/26 03:10:02:GANGHOUSE : DELETE_AT_CLEANUP : Skipping room cleanup. Room 960 Map 15 Gang house Number 6.
09/03/26 03:10:02:GANGHOUSE : DELETE_AT_CLEANUP : Skipping room cleanup. Room 961 Map 15 Gang house Number 6.
09/03/26 03:10:02:GANGHOUSE : DELETE_AT_CLEANUP : Skipping room cleanup. Room 962 Map 15 Gang house Number 10.
09/03/26 03:10:02:GANGHOUSE : DELETE_AT_CLEANUP : Skipping room cleanup. Room 963 Map 15 Gang house Number 10.
09/03/26 03:10:02:GANGHOUSE : DELETE_AT_CLEANUP : Skipping room cleanup. Room 964 Map 15 Gang house Number 10.
09/03/26 03:10:02:GANGHOUSE : DELETE_AT_CLEANUP : Skipping room cleanup. Room 965 Map 15 Gang house Number 10.
09/03/26 03:10:02:GANGHOUSE : DELETE_AT_CLEANUP : Skipping room cleanup. Room 966 Map 15 Gang house Number 10.
09/03/26 03:10:02:GANGHOUSE : DELETE_AT_CLEANUP : Skipping room cleanup. Room 967 Map 15 Gang house Number 10.
09/03/26 03:10:02:GANGHOUSE : DELETE_AT_CLEANUP : Skipping room cleanup. Room 968 Map 15 Gang house Number 9.
09/03/26 03:10:02:GANGHOUSE : DELETE_AT_CLEANUP : Skipping room cleanup. Room 969 Map 15 Gang house Number 9.
09/03/26 03:10:02:GANGHOUSE : DELETE_AT_CLEANUP : Skipping room cleanup. Room 970 Map 15 Gang house Number 9.
09/03/26 03:10:02:GANGHOUSE : DELETE_AT_CLEANUP : Skipping room cleanup. Room 971 Map 15 Gang house Number 9.
09/03/26 03:10:02:GANGHOUSE : DELETE_AT_CLEANUP : Skipping room cleanup. Room 972 Map 15 Gang house Number 9.
09/03/26 03:10:02:GANGHOUSE : DELETE_AT_CLEANUP : Skipping room cleanup. Room 973 Map 15 Gang house Number 1.
09/03/26 03:10:02:GANGHOUSE : DELETE_AT_CLEANUP : Skipping room cleanup. Room 974 Map 15 Gang house Number 2.
09/03/26 03:10:02:GANGHOUSE : DELETE_AT_CLEANUP : Skipping room cleanup. Room 975 Map 15 Gang house Number 3.
09/03/26 03:10:02:GANGHOUSE : DELETE_AT_CLEANUP : Skipping room cleanup. Room 976 Map 15 Gang house Number 4.
09/03/26 03:10:02:GANGHOUSE : DELETE_AT_CLEANUP : Skipping room cleanup. Room 977 Map 15 Gang house Number 5.
09/03/26 03:10:02:GANGHOUSE : DELETE_AT_CLEANUP : Skipping room cleanup. Room 978 Map 15 Gang house Number 6.
09/03/26 03:10:02:GANGHOUSE : DELETE_AT_CLEANUP : Skipping room cleanup. Room 979 Map 15 Gang house Number 7.
09/03/26 03:10:02:GANGHOUSE : DELETE_AT_CLEANUP : Skipping room cleanup. Room 980 Map 15 Gang house Number 8.
09/03/26 03:10:02:GANGHOUSE : DELETE_AT_CLEANUP : Skipping room cleanup. Room 981 Map 15 Gang house Number 9.
09/03/26 03:10:02:GANGHOUSE : DELETE_AT_CLEANUP : Skipping room cleanup. Room 982 Map 15 Gang house Number 10.
09/03/26 03:10:02:GANGHOUSE : DELETE_AT_CLEANUP : Skipping room cleanup. Room 2320 Map 15 Gang house Number 8.
09/03/26 03:10:02:GANGHOUSE : HOUSE 1 : Effective eviction flag set.
09/03/26 03:10:02:GANGHOUSE : HOUSE 1 : Not Occupied.
09/03/26 03:10:02:GANGHOUSE : HOUSE 2 : Effective eviction flag set.
09/03/26 03:10:02:GANGHOUSE : HOUSE 2 : Not Occupied.
09/03/26 03:10:02:GANGHOUSE : HOUSE 3 : Effective eviction flag set.
09/03/26 03:10:02:GANGHOUSE : HOUSE 3 : Not Occupied.
09/03/26 03:10:02:GANGHOUSE : HOUSE 4 : Effective eviction flag set.
09/03/26 03:10:02:GANGHOUSE : HOUSE 4 : Not Occupied.
09/03/26 03:10:02:GANGHOUSE : HOUSE 5 : Effective eviction flag set.
09/03/26 03:10:02:GANGHOUSE : HOUSE 5 : Not Occupied.
09/03/26 03:10:02:GANGHOUSE : HOUSE 6 : Effective eviction flag set.
09/03/26 03:10:02:GANGHOUSE : HOUSE 6 : Not Occupied.
09/03/26 03:10:02:GANGHOUSE : HOUSE 7 : Effective eviction flag set.
09/03/26 03:10:02:GANGHOUSE : HOUSE 7 : Not Occupied.
09/03/26 03:10:02:GANGHOUSE : HOUSE 8 : Effective eviction flag set.
09/03/26 03:10:02:GANGHOUSE : HOUSE 8 : Not Occupied.
09/03/26 03:10:02:GANGHOUSE : HOUSE 9 : Effective eviction flag set.
09/03/26 03:10:02:GANGHOUSE : HOUSE 9 : Not Occupied.
09/03/26 03:10:02:GANGHOUSE : HOUSE 10 : Effective eviction flag set.
09/03/26 03:10:02:GANGHOUSE : HOUSE 10 : Not Occupied.
09/03/26 03:10:02:Max Active: 13745
09/03/26 08:11:20:AUTO UPDATE : skipping GANG SHOP.
09/03/26 08:11:20:AUTO UPDATE : skipping GANG SHOP.
09/03/26 08:11:20:AUTO UPDATE : skipping GANG SHOP.
09/03/26 08:11:20:AUTO UPDATE : skipping GANG SHOP.
09/03/26 08:11:20:AUTO UPDATE : skipping GANG SHOP.
09/03/26 08:11:20:AUTO UPDATE : skipping GANG SHOP.
09/03/26 08:11:20:AUTO UPDATE : skipping GANG SHOP.
09/03/26 08:11:20:AUTO UPDATE : skipping GANG SHOP.
09/03/26 08:11:20:AUTO UPDATE : skipping GANG SHOP.
09/03/26 08:11:20:AUTO UPDATE : skipping GANG SHOP.
09/03/26 08:11:20:AUTO UPDATE : skipping GANG SHOP.
09/03/26 08:11:20:AUTO UPDATE : skipping GANG SHOP.
09/03/26 08:11:20:AUTO UPDATE : skipping GANG SHOP.
09/03/26 08:11:20:AUTO UPDATE : skipping GANG SHOP.
09/03/26 08:11:20:AUTO UPDATE : skipping GANG SHOP.
09/03/26 08:11:20:AUTO UPDATE : skipping GANG SHOP.
09/03/26 08:11:20:AUTO UPDATE : skipping GANG SHOP.
09/03/26 08:11:20:AUTO UPDATE : skipping GANG SHOP.
09/03/26 08:11:20:AUTO UPDATE : skipping GANG SHOP.
09/03/26 08:11:20:AUTO UPDATE : skipping GANG SHOP.
09/03/26 08:11:20:AUTO UPDATE : skipping GANG SHOP.
09/03/26 08:26:04:Max Active: 13757
09/03/26 08:28:30:AUTO UPDATE : skipping GANG SHOP.
09/03/26 08:28:30:AUTO UPDATE : skipping GANG SHOP.
09/03/26 08:28:30:AUTO UPDATE : skipping GANG SHOP.
09/03/26 08:28:30:AUTO UPDATE : skipping GANG SHOP.
09/03/26 08:28:30:AUTO UPDATE : skipping GANG SHOP.
09/03/26 08:28:30:AUTO UPDATE : skipping GANG SHOP.
09/03/26 08:28:30:AUTO UPDATE : skipping GANG SHOP.
09/03/26 08:28:30:AUTO UPDATE : skipping GANG SHOP.
09/03/26 08:28:30:AUTO UPDATE : skipping GANG SHOP.
09/03/26 08:28:30:AUTO UPDATE : skipping GANG SHOP.
09/03/26 08:28:30:AUTO UPDATE : skipping GANG SHOP.
09/03/26 08:28:30:AUTO UPDATE : skipping GANG SHOP.
09/03/26 08:28:30:AUTO UPDATE : skipping GANG SHOP.
09/03/26 08:28:30:AUTO UPDATE : skipping GANG SHOP.
09/03/26 08:28:30:AUTO UPDATE : skipping GANG SHOP.
09/03/26 08:28:30:AUTO UPDATE : skipping GANG SHOP.
09/03/26 08:28:30:AUTO UPDATE : skipping GANG SHOP.
09/03/26 08:28:30:AUTO UPDATE : skipping GANG SHOP.
09/03/26 08:28:30:AUTO UPDATE : skipping GANG SHOP.
09/03/26 08:28:30:AUTO UPDATE : skipping GANG SHOP.
09/03/26 08:28:30:AUTO UPDATE : skipping GANG SHOP.
09/03/26 20:33:38:Max Active: 13770
09/03/26 20:39:24:AUTO UPDATE : skipping GANG SHOP.
09/03/26 20:39:24:AUTO UPDATE : skipping GANG SHOP.
09/03/26 20:39:24:AUTO UPDATE : skipping GANG SHOP.
09/03/26 20:39:24:AUTO UPDATE : skipping GANG SHOP.
09/03/26 20:39:24:AUTO UPDATE : skipping GANG SHOP.
09/03/26 20:39:24:AUTO UPDATE : skipping GANG SHOP.
09/03/26 20:39:24:AUTO UPDATE : skipping GANG SHOP.
09/03/26 20:39:24:AUTO UPDATE : skipping GANG SHOP.
09/03/26 20:39:24:AUTO UPDATE : skipping GANG SHOP.
09/03/26 20:39:26:AUTO UPDATE : skipping GANG SHOP.
09/03/26 20:39:26:AUTO UPDATE : skipping GANG SHOP.
09/03/26 20:39:26:AUTO UPDATE : skipping GANG SHOP.
09/03/26 20:39:26:AUTO UPDATE : skipping GANG SHOP.
09/03/26 20:39:26:AUTO UPDATE : skipping GANG SHOP.
09/03/26 20:39:26:AUTO UPDATE : skipping GANG SHOP.
09/03/26 20:39:26:AUTO UPDATE : skipping GANG SHOP.
09/03/26 20:39:26:AUTO UPDATE : skipping GANG SHOP.
09/03/26 20:39:26:AUTO UPDATE : skipping GANG SHOP.
09/03/26 20:39:26:AUTO UPDATE : skipping GANG SHOP.
09/03/26 20:39:26:AUTO UPDATE : skipping GANG SHOP.
09/03/26 20:39:26:AUTO UPDATE : skipping GANG SHOP.
09/03/26 22:18:02:Max Active: 13770
09/03/26 22:49:54:AUTO UPDATE : skipping GANG SHOP.
09/03/26 22:49:54:AUTO UPDATE : skipping GANG SHOP.
09/03/26 22:49:54:AUTO UPDATE : skipping GANG SHOP.
09/03/26 22:49:54:AUTO UPDATE : skipping GANG SHOP.
09/03/26 22:49:54:AUTO UPDATE : skipping GANG SHOP.
09/03/26 22:49:54:AUTO UPDATE : skipping GANG SHOP.
09/03/26 22:49:54:AUTO UPDATE : skipping GANG SHOP.
09/03/26 22:49:54:AUTO UPDATE : skipping GANG SHOP.
09/03/26 22:49:54:AUTO UPDATE : skipping GANG SHOP.
09/03/26 22:49:54:AUTO UPDATE : skipping GANG SHOP.
09/03/26 22:49:54:AUTO UPDATE : skipping GANG SHOP.
09/03/26 22:49:54:AUTO UPDATE : skipping GANG SHOP.
09/03/26 22:49:54:AUTO UPDATE : skipping GANG SHOP.
09/03/26 22:49:54:AUTO UPDATE : skipping GANG SHOP.
09/03/26 22:49:54:AUTO UPDATE : skipping GANG SHOP.
09/03/26 22:49:54:AUTO UPDATE : skipping GANG SHOP.
09/03/26 22:49:54:AUTO UPDATE : skipping GANG SHOP.
09/03/26 22:49:54:AUTO UPDATE : skipping GANG SHOP.
09/03/26 22:49:54:AUTO UPDATE : skipping GANG SHOP.
09/03/26 22:49:54:AUTO UPDATE : skipping GANG SHOP.
09/03/26 22:49:54:AUTO UPDATE : skipping GANG SHOP.
09/04/26 03:10:00:Entering cleanup
09/04/26 03:10:02:GANGHOUSE : DELETE_AT_CLEANUP : Skipping room cleanup. Room 850 Map 15 Gang house Number 10.
09/04/26 03:10:02:GANGHOUSE : DELETE_AT_CLEANUP : Skipping room cleanup. Room 851 Map 15 Gang house Number 10.
09/04/26 03:10:02:GANGHOUSE : DELETE_AT_CLEANUP : Skipping room cleanup. Room 852 Map 15 Gang house Number 10.
09/04/26 03:10:02:GANGHOUSE : DELETE_AT_CLEANUP : Skipping room cleanup. Room 853 Map 15 Gang house Number 10.
09/04/26 03:10:02:GANGHOUSE : DELETE_AT_CLEANUP : Skipping room cleanup. Room 854 Map 15 Gang house Number 10.
09/04/26 03:10:02:GANGHOUSE : DELETE_AT_CLEANUP : Skipping room cleanup. Room 855 Map 15 Gang house Number 10.
09/04/26 03:10:02:GANGHOUSE : DELETE_AT_CLEANUP : Skipping room cleanup. Room 856 Map 15 Gang house Number 10.
09/04/26 03:10:02:GANGHOUSE : DELETE_AT_CLEANUP : Skipping room cleanup. Room 857 Map 15 Gang house Number 10.
09/04/26 03:10:02:GANGHOUSE : DELETE_AT_CLEANUP : Skipping room cleanup. Room 858 Map 15 Gang house Number 10.
09/04/26 03:10:02:GANGHOUSE : DELETE_AT_CLEANUP : Skipping room cleanup. Room 859 Map 15 Gang house Number 10.
09/04/26 03:10:02:GANGHOUSE : DELETE_AT_CLEANUP : Skipping room cleanup. Room 860 Map 15 Gang house Number 10.
09/04/26 03:10:02:GANGHOUSE : DELETE_AT_CLEANUP : Skipping room cleanup. Room 861 Map 15 Gang house Number 10.
09/04/26 03:10:02:GANGHOUSE : DELETE_AT_CLEANUP : Skipping room cleanup. Room 862 Map 15 Gang house Number 9.
09/04/26 03:10:02:GANGHOUSE : DELETE_AT_CLEANUP : Skipping room cleanup. Room 863 Map 15 Gang house Number 9.
09/04/26 03:10:02:GANGHOUSE : DELETE_AT_CLEANUP : Skipping room cleanup. Room 864 Map 15 Gang house Number 9.
09/04/26 03:10:02:GANGHOUSE : DELETE_AT_CLEANUP : Skipping room cleanup. Room 865 Map 15 Gang house Number 9.
09/04/26 03:10:02:GANGHOUSE : DELETE_AT_CLEANUP : Skipping room cleanup. Room 866 Map 15 Gang house Number 9.
09/04/26 03:10:02:GANGHOUSE : DELETE_AT_CLEANUP : Skipping room cleanup. Room 867 Map 15 Gang house Number 9.
09/04/26 03:10:02:GANGHOUSE : DELETE_AT_CLEANUP : Skipping room cleanup. Room 868 Map 15 Gang house Number 9.
09/04/26 03:10:02:GANGHOUSE : DELETE_AT_CLEANUP : Skipping room cleanup. Room 869 Map 15 Gang house Number 9.
09/04/26 03:10:02:GANGHOUSE : DELETE_AT_CLEANUP : Skipping room cleanup. Room 870 Map 15 Gang house Number 9.
09/04/26 03:10:02:GANGHOUSE : DELETE_AT_CLEANUP : Skipping room cleanup. Room 871 Map 15 Gang house Number 9.
09/04/26 03:10:02:GANGHOUSE : DELETE_AT_CLEANUP : Skipping room cleanup. Room 872 Map 15 Gang house Number 9.
09/04/26 03:10:02:GANGHOUSE : DELETE_AT_CLEANUP : Skipping room cleanup. Room 873 Map 15 Gang house Number 8.
09/04/26 03:10:02:GANGHOUSE : DELETE_AT_CLEANUP : Skipping room cleanup. Room 874 Map 15 Gang house Number 2.
09/04/26 03:10:02:GANGHOUSE : DELETE_AT_CLEANUP : Skipping room cleanup. Room 875 Map 15 Gang house Number 2.
09/04/26 03:10:02:GANGHOUSE : DELETE_AT_CLEANUP : Skipping room cleanup. Room 876 Map 15 Gang house Number 2.
09/04/26 03:10:02:GANGHOUSE : DELETE_AT_CLEANUP : Skipping room cleanup. Room 877 Map 15 Gang house Number 2.
09/04/26 03:10:02:GANGHOUSE : DELETE_AT_CLEANUP : Skipping room cleanup. Room 878 Map 15 Gang house Number 2.
09/04/26 03:10:02:GANGHOUSE : DELETE_AT_CLEANUP : Skipping room cleanup. Room 879 Map 15 Gang house Number 2.
09/04/26 03:10:02:GANGHOUSE : DELETE_AT_CLEANUP : Skipping room cleanup. Room 880 Map 15 Gang house Number 2.
09/04/26 03:10:02:GANGHOUSE : DELETE_AT_CLEANUP : Skipping room cleanup. Room 881 Map 15 Gang house Number 2.
09/04/26 03:10:02:GANGHOUSE : DELETE_AT_CLEANUP : Skipping room cleanup. Room 882 Map 15 Gang house Number 3.
09/04/26 03:10:02:GANGHOUSE : DELETE_AT_CLEANUP : Skipping room cleanup. Room 883 Map 15 Gang house Number 3.
09/04/26 03:10:02:GANGHOUSE : DELETE_AT_CLEANUP : Skipping room cleanup. Room 884 Map 15 Gang house Number 3.
09/04/26 03:10:02:GANGHOUSE : DELETE_AT_CLEANUP : Skipping room cleanup. Room 885 Map 15 Gang house Number 3.
09/04/26 03:10:02:GANGHOUSE : DELETE_AT_CLEANUP : Skipping room cleanup. Room 886 Map 15 Gang house Number 3.
09/04/26 03:10:02:GANGHOUSE : DELETE_AT_CLEANUP : Skipping room cleanup. Room 887 Map 15 Gang house Number 3.
09/04/26 03:10:02:GANGHOUSE : DELETE_AT_CLEANUP : Skipping room cleanup. Room 888 Map 15 Gang house Number 3.
09/04/26 03:10:02:GANGHOUSE : DELETE_AT_CLEANUP : Skipping room cleanup. Room 889 Map 15 Gang house Number 3.
09/04/26 03:10:02:GANGHOUSE : DELETE_AT_CLEANUP : Skipping room cleanup. Room 890 Map 15 Gang house Number 3.
09/04/26 03:10:02:GANGHOUSE : DELETE_AT_CLEANUP : Skipping room cleanup. Room 891 Map 15 Gang house Number 5.
09/04/26 03:10:02:GANGHOUSE : DELETE_AT_CLEANUP : Skipping room cleanup. Room 892 Map 15 Gang house Number 5.
09/04/26 03:10:02:GANGHOUSE : DELETE_AT_CLEANUP : Skipping room cleanup. Room 893 Map 15 Gang house Number 5.
09/04/26 03:10:02:GANGHOUSE : DELETE_AT_CLEANUP : Skipping room cleanup. Room 894 Map 15 Gang house Number 5.
09/04/26 03:10:02:GANGHOUSE : DELETE_AT_CLEANUP : Skipping room cleanup. Room 895 Map 15 Gang house Number 5.
09/04/26 03:10:02:GANGHOUSE : DELETE_AT_CLEANUP : Skipping room cleanup. Room 896 Map 15 Gang house Number 5.
09/04/26 03:10:02:GANGHOUSE : DELETE_AT_CLEANUP : Skipping room cleanup. Room 897 Map 15 Gang house Number 5.
09/04/26 03:10:02:GANGHOUSE : DELETE_AT_CLEANUP : Skipping room cleanup. Room 898 Map 15 Gang house Number 5.
09/04/26 03:10:02:GANGHOUSE : DELETE_AT_CLEANUP : Skipping room cleanup. Room 899 Map 15 Gang house Number 5.
09/04/26 03:10:02:GANGHOUSE : DELETE_AT_CLEANUP : Skipping room cleanup. Room 900 Map 15 Gang house Number 5.
09/04/26 03:10:02:GANGHOUSE : DELETE_AT_CLEANUP : Skipping room cleanup. Room 901 Map 15 Gang house Number 5.
09/04/26 03:10:02:GANGHOUSE : DELETE_AT_CLEANUP : Skipping room cleanup. Room 902 Map 15 Gang house Number 5.
09/04/26 03:10:02:GANGHOUSE : DELETE_AT_CLEANUP : Skipping room cleanup. Room 903 Map 15 Gang house Number 1.
09/04/26 03:10:02:GANGHOUSE : DELETE_AT_CLEANUP : Skipping room cleanup. Room 904 Map 15 Gang house Number 1.
09/04/26 03:10:02:GANGHOUSE : DELETE_AT_CLEANUP : Skipping room cleanup. Room 905 Map 15 Gang house Number 1.
09/04/26 03:10:02:GANGHOUSE : DELETE_AT_CLEANUP : Skipping room cleanup. Room 906 Map 15 Gang house Number 1.
09/04/26 03:10:02:GANGHOUSE : DELETE_AT_CLEANUP : Skipping room cleanup. Room 907 Map 15 Gang house Number 1.
09/04/26 03:10:02:GANGHOUSE : DELETE_AT_CLEANUP : Skipping room cleanup. Room 908 Map 15 Gang house Number 1.
09/04/26 03:10:02:GANGHOUSE : DELETE_AT_CLEANUP : Skipping room cleanup. Room 909 Map 15 Gang house Number 8.
09/04/26 03:10:02:GANGHOUSE : DELETE_AT_CLEANUP : Skipping room cleanup. Room 910 Map 15 Gang house Number 8.
09/04/26 03:10:02:GANGHOUSE : DELETE_AT_CLEANUP : Skipping room cleanup. Room 911 Map 15 Gang house Number 8.
09/04/26 03:10:02:GANGHOUSE : DELETE_AT_CLEANUP : Skipping room cleanup. Room 912 Map 15 Gang house Number 8.
09/04/26 03:10:02:GANGHOUSE : DELETE_AT_CLEANUP : Skipping room cleanup. Room 913 Map 15 Gang house Number 8.
09/04/26 03:10:02:GANGHOUSE : DELETE_AT_CLEANUP : Skipping room cleanup. Room 914 Map 15 Gang house Number 8.
09/04/26 03:10:02:GANGHOUSE : DELETE_AT_CLEANUP : Skipping room cleanup. Room 915 Map 15 Gang house Number 8.
09/04/26 03:10:02:GANGHOUSE : DELETE_AT_CLEANUP : Skipping room cleanup. Room 916 Map 15 Gang house Number 8.
09/04/26 03:10:02:GANGHOUSE : DELETE_AT_CLEANUP : Skipping room cleanup. Room 917 Map 15 Gang house Number 8.
09/04/26 03:10:02:GANGHOUSE : DELETE_AT_CLEANUP : Skipping room cleanup. Room 918 Map 15 Gang house Number 8.
09/04/26 03:10:02:GANGHOUSE : DELETE_AT_CLEANUP : Skipping room cleanup. Room 919 Map 15 Gang house Number 8.
09/04/26 03:10:02:GANGHOUSE : DELETE_AT_CLEANUP : Skipping room cleanup. Room 920 Map 15 Gang house Number 8.
09/04/26 03:10:02:GANGHOUSE : DELETE_AT_CLEANUP : Skipping room cleanup. Room 921 Map 15 Gang house Number 8.
09/04/26 03:10:02:GANGHOUSE : DELETE_AT_CLEANUP : Skipping room cleanup. Room 922 Map 15 Gang house Number 8.
09/04/26 03:10:02:GANGHOUSE : DELETE_AT_CLEANUP : Skipping room cleanup. Room 923 Map 15 Gang house Number 4.
09/04/26 03:10:02:GANGHOUSE : DELETE_AT_CLEANUP : Skipping room cleanup. Room 924 Map 15 Gang house Number 4.
09/04/26 03:10:02:GANGHOUSE : DELETE_AT_CLEANUP : Skipping room cleanup. Room 925 Map 15 Gang house Number 4.
09/04/26 03:10:02:GANGHOUSE : DELETE_AT_CLEANUP : Skipping room cleanup. Room 926 Map 15 Gang house Number 4.
09/04/26 03:10:02:GANGHOUSE : DELETE_AT_CLEANUP : Skipping room cleanup. Room 927 Map 15 Gang house Number 4.
09/04/26 03:10:02:GANGHOUSE : DELETE_AT_CLEANUP : Skipping room cleanup. Room 928 Map 15 Gang house Number 4.
09/04/26 03:10:02:GANGHOUSE : DELETE_AT_CLEANUP : Skipping room cleanup. Room 929 Map 15 Gang house Number 4.
09/04/26 03:10:02:GANGHOUSE : DELETE_AT_CLEANUP : Skipping room cleanup. Room 930 Map 15 Gang house Number 4.
09/04/26 03:10:02:GANGHOUSE : DELETE_AT_CLEANUP : Skipping room cleanup. Room 931 Map 15 Gang house Number 4.
09/04/26 03:10:02:GANGHOUSE : DELETE_AT_CLEANUP : Skipping room cleanup. Room 932 Map 15 Gang house Number 4.
09/04/26 03:10:02:GANGHOUSE : DELETE_AT_CLEANUP : Skipping room cleanup. Room 933 Map 15 Gang house Number 7.
09/04/26 03:10:02:GANGHOUSE : DELETE_AT_CLEANUP : Skipping room cleanup. Room 934 Map 15 Gang house Number 7.
09/04/26 03:10:02:GANGHOUSE : DELETE_AT_CLEANUP : Skipping room cleanup. Room 935 Map 15 Gang house Number 7.
09/04/26 03:10:02:GANGHOUSE : DELETE_AT_CLEANUP : Skipping room cleanup. Room 936 Map 15 Gang house Number 7.
09/04/26 03:10:02:GANGHOUSE : DELETE_AT_CLEANUP : Skipping room cleanup. Room 937 Map 15 Gang house Number 7.
09/04/26 03:10:02:GANGHOUSE : DELETE_AT_CLEANUP : Skipping room cleanup. Room 938 Map 15 Gang house Number 7.
09/04/26 03:10:02:GANGHOUSE : DELETE_AT_CLEANUP : Skipping room cleanup. Room 939 Map 15 Gang house Number 7.
09/04/26 03:10:02:GANGHOUSE : DELETE_AT_CLEANUP : Skipping room cleanup. Room 940 Map 15 Gang house Number 7.
09/04/26 03:10:02:GANGHOUSE : DELETE_AT_CLEANUP : Skipping room cleanup. Room 941 Map 15 Gang house Number 7.
09/04/26 03:10:02:GANGHOUSE : DELETE_AT_CLEANUP : Skipping room cleanup. Room 942 Map 15 Gang house Number 7.
09/04/26 03:10:02:GANGHOUSE : DELETE_AT_CLEANUP : Skipping room cleanup. Room 943 Map 15 Gang house Number 7.
09/04/26 03:10:02:GANGHOUSE : DELETE_AT_CLEANUP : Skipping room cleanup. Room 944 Map 15 Gang house Number 7.
09/04/26 03:10:02:GANGHOUSE : DELETE_AT_CLEANUP : Skipping room cleanup. Room 945 Map 15 Gang house Number 7.
09/04/26 03:10:02:GANGHOUSE : DELETE_AT_CLEANUP : Skipping room cleanup. Room 946 Map 15 Gang house Number 7.
09/04/26 03:10:02:GANGHOUSE : DELETE_AT_CLEANUP : Skipping room cleanup. Room 947 Map 15 Gang house Number 6.
09/04/26 03:10:02:GANGHOUSE : DELETE_AT_CLEANUP : Skipping room cleanup. Room 948 Map 15 Gang house Number 6.
09/04/26 03:10:02:GANGHOUSE : DELETE_AT_CLEANUP : Skipping room cleanup. Room 949 Map 15 Gang house Number 6.
09/04/26 03:10:02:GANGHOUSE : DELETE_AT_CLEANUP : Skipping room cleanup. Room 950 Map 15 Gang house Number 6.
09/04/26 03:10:02:GANGHOUSE : DELETE_AT_CLEANUP : Skipping room cleanup. Room 951 Map 15 Gang house Number 6.
09/04/26 03:10:02:GANGHOUSE : DELETE_AT_CLEANUP : Skipping room cleanup. Room 952 Map 15 Gang house Number 6.
09/04/26 03:10:02:GANGHOUSE : DELETE_AT_CLEANUP : Skipping room cleanup. Room 953 Map 15 Gang house Number 6.
09/04/26 03:10:02:GANGHOUSE : DELETE_AT_CLEANUP : Skipping room cleanup. Room 954 Map 15 Gang house Number 6.
09/04/26 03:10:02:GANGHOUSE : DELETE_AT_CLEANUP : Skipping room cleanup. Room 955 Map 15 Gang house Number 6.
09/04/26 03:10:02:GANGHOUSE : DELETE_AT_CLEANUP : Skipping room cleanup. Room 956 Map 15 Gang house Number 6.
09/04/26 03:10:02:GANGHOUSE : DELETE_AT_CLEANUP : Skipping room cleanup. Room 957 Map 15 Gang house Number 6.
09/04/26 03:10:02:GANGHOUSE : DELETE_AT_CLEANUP : Skipping room cleanup. Room 958 Map 15 Gang house Number 6.
09/04/26 03:10:02:GANGHOUSE : DELETE_AT_CLEANUP : Skipping room cleanup. Room 959 Map 15 Gang house Number 6.
09/04/26 03:10:02:GANGHOUSE : DELETE_AT_CLEANUP : Skipping room cleanup. Room 960 Map 15 Gang house Number 6.
09/04/26 03:10:02:GANGHOUSE : DELETE_AT_CLEANUP : Skipping room cleanup. Room 961 Map 15 Gang house Number 6.
09/04/26 03:10:02:GANGHOUSE : DELETE_AT_CLEANUP : Skipping room cleanup. Room 962 Map 15 Gang house Number 10.
09/04/26 03:10:02:GANGHOUSE : DELETE_AT_CLEANUP : Skipping room cleanup. Room 963 Map 15 Gang house Number 10.
09/04/26 03:10:02:GANGHOUSE : DELETE_AT_CLEANUP : Skipping room cleanup. Room 964 Map 15 Gang house Number 10.
09/04/26 03:10:02:GANGHOUSE : DELETE_AT_CLEANUP : Skipping room cleanup. Room 965 Map 15 Gang house Number 10.
09/04/26 03:10:02:GANGHOUSE : DELETE_AT_CLEANUP : Skipping room cleanup. Room 966 Map 15 Gang house Number 10.
09/04/26 03:10:02:GANGHOUSE : DELETE_AT_CLEANUP : Skipping room cleanup. Room 967 Map 15 Gang house Number 10.
09/04/26 03:10:02:GANGHOUSE : DELETE_AT_CLEANUP : Skipping room cleanup. Room 968 Map 15 Gang house Number 9.
09/04/26 03:10:02:GANGHOUSE : DELETE_AT_CLEANUP : Skipping room cleanup. Room 969 Map 15 Gang house Number 9.
09/04/26 03:10:02:GANGHOUSE : DELETE_AT_CLEANUP : Skipping room cleanup. Room 970 Map 15 Gang house Number 9.
09/04/26 03:10:02:GANGHOUSE : DELETE_AT_CLEANUP : Skipping room cleanup. Room 971 Map 15 Gang house Number 9.
09/04/26 03:10:02:GANGHOUSE : DELETE_AT_CLEANUP : Skipping room cleanup. Room 972 Map 15 Gang house Number 9.
09/04/26 03:10:02:GANGHOUSE : DELETE_AT_CLEANUP : Skipping room cleanup. Room 973 Map 15 Gang house Number 1.
09/04/26 03:10:02:GANGHOUSE : DELETE_AT_CLEANUP : Skipping room cleanup. Room 974 Map 15 Gang house Number 2.
09/04/26 03:10:02:GANGHOUSE : DELETE_AT_CLEANUP : Skipping room cleanup. Room 975 Map 15 Gang house Number 3.
09/04/26 03:10:02:GANGHOUSE : DELETE_AT_CLEANUP : Skipping room cleanup. Room 976 Map 15 Gang house Number 4.
09/04/26 03:10:02:GANGHOUSE : DELETE_AT_CLEANUP : Skipping room cleanup. Room 977 Map 15 Gang house Number 5.
09/04/26 03:10:02:GANGHOUSE : DELETE_AT_CLEANUP : Skipping room cleanup. Room 978 Map 15 Gang house Number 6.
09/04/26 03:10:02:GANGHOUSE : DELETE_AT_CLEANUP : Skipping room cleanup. Room 979 Map 15 Gang house Number 7.
09/04/26 03:10:02:GANGHOUSE : DELETE_AT_CLEANUP : Skipping room cleanup. Room 980 Map 15 Gang house Number 8.
09/04/26 03:10:02:GANGHOUSE : DELETE_AT_CLEANUP : Skipping room cleanup. Room 981 Map 15 Gang house Number 9.
09/04/26 03:10:02:GANGHOUSE : DELETE_AT_CLEANUP : Skipping room cleanup. Room 982 Map 15 Gang house Number 10.
09/04/26 03:10:02:GANGHOUSE : DELETE_AT_CLEANUP : Skipping room cleanup. Room 2320 Map 15 Gang house Number 8.
09/04/26 03:10:04:GANGHOUSE : HOUSE 1 : Not Occupied.
09/04/26 03:10:04:GANGHOUSE : HOUSE 2 : Not Occupied.
09/04/26 03:10:04:GANGHOUSE : HOUSE 3 : Not Occupied.
09/04/26 03:10:04:GANGHOUSE : HOUSE 4 : Not Occupied.
09/04/26 03:10:04:GANGHOUSE : HOUSE 5 : Not Occupied.
09/04/26 03:10:04:GANGHOUSE : HOUSE 6 : Not Occupied.
09/04/26 03:10:04:GANGHOUSE : HOUSE 7 : Not Occupied.
09/04/26 03:10:04:GANGHOUSE : HOUSE 8 : Not Occupied.
09/04/26 03:10:04:GANGHOUSE : HOUSE 9 : Not Occupied.
09/04/26 03:10:04:GANGHOUSE : HOUSE 10 : Not Occupied.
09/04/26 03:10:04:Max Active: 13776
09/04/26 07:24:44:AUTO UPDATE : skipping GANG SHOP.
09/04/26 07:24:44:AUTO UPDATE : skipping GANG SHOP.
09/04/26 07:24:44:AUTO UPDATE : skipping GANG SHOP.
09/04/26 07:24:44:AUTO UPDATE : skipping GANG SHOP.
09/04/26 07:24:44:AUTO UPDATE : skipping GANG SHOP.
09/04/26 07:24:44:AUTO UPDATE : skipping GANG SHOP.
09/04/26 07:24:44:AUTO UPDATE : skipping GANG SHOP.
09/04/26 07:24:44:AUTO UPDATE : skipping GANG SHOP.
09/04/26 07:24:44:AUTO UPDATE : skipping GANG SHOP.
09/04/26 07:24:44:AUTO UPDATE : skipping GANG SHOP.
09/04/26 07:24:44:AUTO UPDATE : skipping GANG SHOP.
09/04/26 07:24:44:AUTO UPDATE : skipping GANG SHOP.
09/04/26 07:24:44:AUTO UPDATE : skipping GANG SHOP.
09/04/26 07:24:44:AUTO UPDATE : skipping GANG SHOP.
09/04/26 07:24:44:AUTO UPDATE : skipping GANG SHOP.
09/04/26 07:24:44:AUTO UPDATE : skipping GANG SHOP.
09/04/26 07:24:44:AUTO UPDATE : skipping GANG SHOP.
09/04/26 07:24:44:AUTO UPDATE : skipping GANG SHOP.
09/04/26 07:24:44:AUTO UPDATE : skipping GANG SHOP.
09/04/26 07:24:44:AUTO UPDATE : skipping GANG SHOP.
09/04/26 07:24:44:AUTO UPDATE : skipping GANG SHOP.
09/04/26 20:57:32:Max Active: 13790
09/04/26 21:00:12:AUTO UPDATE : skipping GANG SHOP.
09/04/26 21:00:12:AUTO UPDATE : skipping GANG SHOP.
09/04/26 21:00:12:AUTO UPDATE : skipping GANG SHOP.
09/04/26 21:00:12:AUTO UPDATE : skipping GANG SHOP.
09/04/26 21:00:12:AUTO UPDATE : skipping GANG SHOP.
09/04/26 21:00:12:AUTO UPDATE : skipping GANG SHOP.
09/04/26 21:00:12:AUTO UPDATE : skipping GANG SHOP.
09/04/26 21:00:12:AUTO UPDATE : skipping GANG SHOP.
09/04/26 21:00:12:AUTO UPDATE : skipping GANG SHOP.
09/04/26 21:00:12:AUTO UPDATE : skipping GANG SHOP.
09/04/26 21:00:12:AUTO UPDATE : skipping GANG SHOP.
09/04/26 21:00:12:AUTO UPDATE : skipping GANG SHOP.
09/04/26 21:00:12:AUTO UPDATE : skipping GANG SHOP.
09/04/26 21:00:12:AUTO UPDATE : skipping GANG SHOP.
09/04/26 21:00:12:AUTO UPDATE : skipping GANG SHOP.
09/04/26 21:00:12:AUTO UPDATE : skipping GANG SHOP.
09/04/26 21:00:12:AUTO UPDATE : skipping GANG SHOP.
09/04/26 21:00:12:AUTO UPDATE : skipping GANG SHOP.
09/04/26 21:00:12:AUTO UPDATE : skipping GANG SHOP.
09/04/26 21:00:12:AUTO UPDATE : skipping GANG SHOP.
09/04/26 21:00:12:AUTO UPDATE : skipping GANG SHOP.
09/05/26 03:07:42:User Klymacks has been killed.
09/05/26 03:10:00:Entering cleanup
09/05/26 03:10:02:GANGHOUSE : DELETE_AT_CLEANUP : Skipping room cleanup. Room 850 Map 15 Gang house Number 10.
09/05/26 03:10:02:GANGHOUSE : DELETE_AT_CLEANUP : Skipping room cleanup. Room 851 Map 15 Gang house Number 10.
09/05/26 03:10:02:GANGHOUSE : DELETE_AT_CLEANUP : Skipping room cleanup. Room 852 Map 15 Gang house Number 10.
09/05/26 03:10:02:GANGHOUSE : DELETE_AT_CLEANUP : Skipping room cleanup. Room 853 Map 15 Gang house Number 10.
09/05/26 03:10:02:GANGHOUSE : DELETE_AT_CLEANUP : Skipping room cleanup. Room 854 Map 15 Gang house Number 10.
09/05/26 03:10:02:GANGHOUSE : DELETE_AT_CLEANUP : Skipping room cleanup. Room 855 Map 15 Gang house Number 10.
09/05/26 03:10:02:GANGHOUSE : DELETE_AT_CLEANUP : Skipping room cleanup. Room 856 Map 15 Gang house Number 10.
09/05/26 03:10:02:GANGHOUSE : DELETE_AT_CLEANUP : Skipping room cleanup. Room 857 Map 15 Gang house Number 10.
09/05/26 03:10:02:GANGHOUSE : DELETE_AT_CLEANUP : Skipping room cleanup. Room 858 Map 15 Gang house Number 10.
09/05/26 03:10:02:GANGHOUSE : DELETE_AT_CLEANUP : Skipping room cleanup. Room 859 Map 15 Gang house Number 10.
09/05/26 03:10:02:GANGHOUSE : DELETE_AT_CLEANUP : Skipping room cleanup. Room 860 Map 15 Gang house Number 10.
09/05/26 03:10:02:GANGHOUSE : DELETE_AT_CLEANUP : Skipping room cleanup. Room 861 Map 15 Gang house Number 10.
09/05/26 03:10:02:GANGHOUSE : DELETE_AT_CLEANUP : Skipping room cleanup. Room 862 Map 15 Gang house Number 9.
09/05/26 03:10:02:GANGHOUSE : DELETE_AT_CLEANUP : Skipping room cleanup. Room 863 Map 15 Gang house Number 9.
09/05/26 03:10:02:GANGHOUSE : DELETE_AT_CLEANUP : Skipping room cleanup. Room 864 Map 15 Gang house Number 9.
09/05/26 03:10:02:GANGHOUSE : DELETE_AT_CLEANUP : Skipping room cleanup. Room 865 Map 15 Gang house Number 9.
09/05/26 03:10:02:GANGHOUSE : DELETE_AT_CLEANUP : Skipping room cleanup. Room 866 Map 15 Gang house Number 9.
09/05/26 03:10:02:GANGHOUSE : DELETE_AT_CLEANUP : Skipping room cleanup. Room 867 Map 15 Gang house Number 9.
09/05/26 03:10:02:GANGHOUSE : DELETE_AT_CLEANUP : Skipping room cleanup. Room 868 Map 15 Gang house Number 9.
09/05/26 03:10:02:GANGHOUSE : DELETE_AT_CLEANUP : Skipping room cleanup. Room 869 Map 15 Gang house Number 9.
09/05/26 03:10:02:GANGHOUSE : DELETE_AT_CLEANUP : Skipping room cleanup. Room 870 Map 15 Gang house Number 9.
09/05/26 03:10:02:GANGHOUSE : DELETE_AT_CLEANUP : Skipping room cleanup. Room 871 Map 15 Gang house Number 9.
09/05/26 03:10:02:GANGHOUSE : DELETE_AT_CLEANUP : Skipping room cleanup. Room 872 Map 15 Gang house Number 9.
09/05/26 03:10:02:GANGHOUSE : DELETE_AT_CLEANUP : Skipping room cleanup. Room 873 Map 15 Gang house Number 8.
09/05/26 03:10:02:GANGHOUSE : DELETE_AT_CLEANUP : Skipping room cleanup. Room 874 Map 15 Gang house Number 2.
09/05/26 03:10:02:GANGHOUSE : DELETE_AT_CLEANUP : Skipping room cleanup. Room 875 Map 15 Gang house Number 2.
09/05/26 03:10:02:GANGHOUSE : DELETE_AT_CLEANUP : Skipping room cleanup. Room 876 Map 15 Gang house Number 2.
09/05/26 03:10:02:GANGHOUSE : DELETE_AT_CLEANUP : Skipping room cleanup. Room 877 Map 15 Gang house Number 2.
09/05/26 03:10:02:GANGHOUSE : DELETE_AT_CLEANUP : Skipping room cleanup. Room 878 Map 15 Gang house Number 2.
09/05/26 03:10:02:GANGHOUSE : DELETE_AT_CLEANUP : Skipping room cleanup. Room 879 Map 15 Gang house Number 2.
09/05/26 03:10:02:GANGHOUSE : DELETE_AT_CLEANUP : Skipping room cleanup. Room 880 Map 15 Gang house Number 2.
09/05/26 03:10:02:GANGHOUSE : DELETE_AT_CLEANUP : Skipping room cleanup. Room 881 Map 15 Gang house Number 2.
09/05/26 03:10:02:GANGHOUSE : DELETE_AT_CLEANUP : Skipping room cleanup. Room 882 Map 15 Gang house Number 3.
09/05/26 03:10:02:GANGHOUSE : DELETE_AT_CLEANUP : Skipping room cleanup. Room 883 Map 15 Gang house Number 3.
09/05/26 03:10:02:GANGHOUSE : DELETE_AT_CLEANUP : Skipping room cleanup. Room 884 Map 15 Gang house Number 3.
09/05/26 03:10:02:GANGHOUSE : DELETE_AT_CLEANUP : Skipping room cleanup. Room 885 Map 15 Gang house Number 3.
09/05/26 03:10:02:GANGHOUSE : DELETE_AT_CLEANUP : Skipping room cleanup. Room 886 Map 15 Gang house Number 3.
09/05/26 03:10:02:GANGHOUSE : DELETE_AT_CLEANUP : Skipping room cleanup. Room 887 Map 15 Gang house Number 3.
09/05/26 03:10:02:GANGHOUSE : DELETE_AT_CLEANUP : Skipping room cleanup. Room 888 Map 15 Gang house Number 3.
09/05/26 03:10:02:GANGHOUSE : DELETE_AT_CLEANUP : Skipping room cleanup. Room 889 Map 15 Gang house Number 3.
09/05/26 03:10:02:GANGHOUSE : DELETE_AT_CLEANUP : Skipping room cleanup. Room 890 Map 15 Gang house Number 3.
09/05/26 03:10:02:GANGHOUSE : DELETE_AT_CLEANUP : Skipping room cleanup. Room 891 Map 15 Gang house Number 5.
09/05/26 03:10:02:GANGHOUSE : DELETE_AT_CLEANUP : Skipping room cleanup. Room 892 Map 15 Gang house Number 5.
09/05/26 03:10:02:GANGHOUSE : DELETE_AT_CLEANUP : Skipping room cleanup. Room 893 Map 15 Gang house Number 5.
09/05/26 03:10:02:GANGHOUSE : DELETE_AT_CLEANUP : Skipping room cleanup. Room 894 Map 15 Gang house Number 5.
09/05/26 03:10:02:GANGHOUSE : DELETE_AT_CLEANUP : Skipping room cleanup. Room 895 Map 15 Gang house Number 5.
09/05/26 03:10:02:GANGHOUSE : DELETE_AT_CLEANUP : Skipping room cleanup. Room 896 Map 15 Gang house Number 5.
09/05/26 03:10:02:GANGHOUSE : DELETE_AT_CLEANUP : Skipping room cleanup. Room 897 Map 15 Gang house Number 5.
09/05/26 03:10:02:GANGHOUSE : DELETE_AT_CLEANUP : Skipping room cleanup. Room 898 Map 15 Gang house Number 5.
09/05/26 03:10:02:GANGHOUSE : DELETE_AT_CLEANUP : Skipping room cleanup. Room 899 Map 15 Gang house Number 5.
09/05/26 03:10:02:GANGHOUSE : DELETE_AT_CLEANUP : Skipping room cleanup. Room 900 Map 15 Gang house Number 5.
09/05/26 03:10:02:GANGHOUSE : DELETE_AT_CLEANUP : Skipping room cleanup. Room 901 Map 15 Gang house Number 5.
09/05/26 03:10:02:GANGHOUSE : DELETE_AT_CLEANUP : Skipping room cleanup. Room 902 Map 15 Gang house Number 5.
09/05/26 03:10:02:GANGHOUSE : DELETE_AT_CLEANUP : Skipping room cleanup. Room 903 Map 15 Gang house Number 1.
09/05/26 03:10:02:GANGHOUSE : DELETE_AT_CLEANUP : Skipping room cleanup. Room 904 Map 15 Gang house Number 1.
09/05/26 03:10:02:GANGHOUSE : DELETE_AT_CLEANUP : Skipping room cleanup. Room 905 Map 15 Gang house Number 1.
09/05/26 03:10:02:GANGHOUSE : DELETE_AT_CLEANUP : Skipping room cleanup. Room 906 Map 15 Gang house Number 1.
09/05/26 03:10:02:GANGHOUSE : DELETE_AT_CLEANUP : Skipping room cleanup. Room 907 Map 15 Gang house Number 1.
09/05/26 03:10:02:GANGHOUSE : DELETE_AT_CLEANUP : Skipping room cleanup. Room 908 Map 15 Gang house Number 1.
09/05/26 03:10:02:GANGHOUSE : DELETE_AT_CLEANUP : Skipping room cleanup. Room 909 Map 15 Gang house Number 8.
09/05/26 03:10:02:GANGHOUSE : DELETE_AT_CLEANUP : Skipping room cleanup. Room 910 Map 15 Gang house Number 8.
09/05/26 03:10:02:GANGHOUSE : DELETE_AT_CLEANUP : Skipping room cleanup. Room 911 Map 15 Gang house Number 8.
09/05/26 03:10:02:GANGHOUSE : DELETE_AT_CLEANUP : Skipping room cleanup. Room 912 Map 15 Gang house Number 8.
09/05/26 03:10:02:GANGHOUSE : DELETE_AT_CLEANUP : Skipping room cleanup. Room 913 Map 15 Gang house Number 8.
09/05/26 03:10:02:GANGHOUSE : DELETE_AT_CLEANUP : Skipping room cleanup. Room 914 Map 15 Gang house Number 8.
09/05/26 03:10:02:GANGHOUSE : DELETE_AT_CLEANUP : Skipping room cleanup. Room 915 Map 15 Gang house Number 8.
09/05/26 03:10:02:GANGHOUSE : DELETE_AT_CLEANUP : Skipping room cleanup. Room 916 Map 15 Gang house Number 8.
09/05/26 03:10:02:GANGHOUSE : DELETE_AT_CLEANUP : Skipping room cleanup. Room 917 Map 15 Gang house Number 8.
09/05/26 03:10:02:GANGHOUSE : DELETE_AT_CLEANUP : Skipping room cleanup. Room 918 Map 15 Gang house Number 8.
09/05/26 03:10:02:GANGHOUSE : DELETE_AT_CLEANUP : Skipping room cleanup. Room 919 Map 15 Gang house Number 8.
09/05/26 03:10:02:GANGHOUSE : DELETE_AT_CLEANUP : Skipping room cleanup. Room 920 Map 15 Gang house Number 8.
09/05/26 03:10:02:GANGHOUSE : DELETE_AT_CLEANUP : Skipping room cleanup. Room 921 Map 15 Gang house Number 8.
09/05/26 03:10:02:GANGHOUSE : DELETE_AT_CLEANUP : Skipping room cleanup. Room 922 Map 15 Gang house Number 8.
09/05/26 03:10:02:GANGHOUSE : DELETE_AT_CLEANUP : Skipping room cleanup. Room 923 Map 15 Gang house Number 4.
09/05/26 03:10:02:GANGHOUSE : DELETE_AT_CLEANUP : Skipping room cleanup. Room 924 Map 15 Gang house Number 4.
09/05/26 03:10:02:GANGHOUSE : DELETE_AT_CLEANUP : Skipping room cleanup. Room 925 Map 15 Gang house Number 4.
09/05/26 03:10:02:GANGHOUSE : DELETE_AT_CLEANUP : Skipping room cleanup. Room 926 Map 15 Gang house Number 4.
09/05/26 03:10:02:GANGHOUSE : DELETE_AT_CLEANUP : Skipping room cleanup. Room 927 Map 15 Gang house Number 4.
09/05/26 03:10:02:GANGHOUSE : DELETE_AT_CLEANUP : Skipping room cleanup. Room 928 Map 15 Gang house Number 4.
09/05/26 03:10:02:GANGHOUSE : DELETE_AT_CLEANUP : Skipping room cleanup. Room 929 Map 15 Gang house Number 4.
09/05/26 03:10:02:GANGHOUSE : DELETE_AT_CLEANUP : Skipping room cleanup. Room 930 Map 15 Gang house Number 4.
09/05/26 03:10:02:GANGHOUSE : DELETE_AT_CLEANUP : Skipping room cleanup. Room 931 Map 15 Gang house Number 4.
09/05/26 03:10:02:GANGHOUSE : DELETE_AT_CLEANUP : Skipping room cleanup. Room 932 Map 15 Gang house Number 4.
09/05/26 03:10:02:GANGHOUSE : DELETE_AT_CLEANUP : Skipping room cleanup. Room 933 Map 15 Gang house Number 7.
09/05/26 03:10:02:GANGHOUSE : DELETE_AT_CLEANUP : Skipping room cleanup. Room 934 Map 15 Gang house Number 7.
09/05/26 03:10:02:GANGHOUSE : DELETE_AT_CLEANUP : Skipping room cleanup. Room 935 Map 15 Gang house Number 7.
09/05/26 03:10:02:GANGHOUSE : DELETE_AT_CLEANUP : Skipping room cleanup. Room 936 Map 15 Gang house Number 7.
09/05/26 03:10:02:GANGHOUSE : DELETE_AT_CLEANUP : Skipping room cleanup. Room 937 Map 15 Gang house Number 7.
09/05/26 03:10:02:GANGHOUSE : DELETE_AT_CLEANUP : Skipping room cleanup. Room 938 Map 15 Gang house Number 7.
09/05/26 03:10:02:GANGHOUSE : DELETE_AT_CLEANUP : Skipping room cleanup. Room 939 Map 15 Gang house Number 7.
09/05/26 03:10:02:GANGHOUSE : DELETE_AT_CLEANUP : Skipping room cleanup. Room 940 Map 15 Gang house Number 7.
09/05/26 03:10:02:GANGHOUSE : DELETE_AT_CLEANUP : Skipping room cleanup. Room 941 Map 15 Gang house Number 7.
09/05/26 03:10:02:GANGHOUSE : DELETE_AT_CLEANUP : Skipping room cleanup. Room 942 Map 15 Gang house Number 7.
09/05/26 03:10:02:GANGHOUSE : DELETE_AT_CLEANUP : Skipping room cleanup. Room 943 Map 15 Gang house Number 7.
09/05/26 03:10:02:GANGHOUSE : DELETE_AT_CLEANUP : Skipping room cleanup. Room 944 Map 15 Gang house Number 7.
09/05/26 03:10:02:GANGHOUSE : DELETE_AT_CLEANUP : Skipping room cleanup. Room 945 Map 15 Gang house Number 7.
09/05/26 03:10:02:GANGHOUSE : DELETE_AT_CLEANUP : Skipping room cleanup. Room 946 Map 15 Gang house Number 7.
09/05/26 03:10:02:GANGHOUSE : DELETE_AT_CLEANUP : Skipping room cleanup. Room 947 Map 15 Gang house Number 6.
09/05/26 03:10:02:GANGHOUSE : DELETE_AT_CLEANUP : Skipping room cleanup. Room 948 Map 15 Gang house Number 6.
09/05/26 03:10:02:GANGHOUSE : DELETE_AT_CLEANUP : Skipping room cleanup. Room 949 Map 15 Gang house Number 6.
09/05/26 03:10:02:GANGHOUSE : DELETE_AT_CLEANUP : Skipping room cleanup. Room 950 Map 15 Gang house Number 6.
09/05/26 03:10:02:GANGHOUSE : DELETE_AT_CLEANUP : Skipping room cleanup. Room 951 Map 15 Gang house Number 6.
09/05/26 03:10:02:GANGHOUSE : DELETE_AT_CLEANUP : Skipping room cleanup. Room 952 Map 15 Gang house Number 6.
09/05/26 03:10:02:GANGHOUSE : DELETE_AT_CLEANUP : Skipping room cleanup. Room 953 Map 15 Gang house Number 6.
09/05/26 03:10:02:GANGHOUSE : DELETE_AT_CLEANUP : Skipping room cleanup. Room 954 Map 15 Gang house Number 6.
09/05/26 03:10:02:GANGHOUSE : DELETE_AT_CLEANUP : Skipping room cleanup. Room 955 Map 15 Gang house Number 6.
09/05/26 03:10:02:GANGHOUSE : DELETE_AT_CLEANUP : Skipping room cleanup. Room 956 Map 15 Gang house Number 6.
09/05/26 03:10:02:GANGHOUSE : DELETE_AT_CLEANUP : Skipping room cleanup. Room 957 Map 15 Gang house Number 6.
09/05/26 03:10:02:GANGHOUSE : DELETE_AT_CLEANUP : Skipping room cleanup. Room 958 Map 15 Gang house Number 6.
09/05/26 03:10:02:GANGHOUSE : DELETE_AT_CLEANUP : Skipping room cleanup. Room 959 Map 15 Gang house Number 6.
09/05/26 03:10:02:GANGHOUSE : DELETE_AT_CLEANUP : Skipping room cleanup. Room 960 Map 15 Gang house Number 6.
09/05/26 03:10:02:GANGHOUSE : DELETE_AT_CLEANUP : Skipping room cleanup. Room 961 Map 15 Gang house Number 6.
09/05/26 03:10:02:GANGHOUSE : DELETE_AT_CLEANUP : Skipping room cleanup. Room 962 Map 15 Gang house Number 10.
09/05/26 03:10:02:GANGHOUSE : DELETE_AT_CLEANUP : Skipping room cleanup. Room 963 Map 15 Gang house Number 10.
09/05/26 03:10:02:GANGHOUSE : DELETE_AT_CLEANUP : Skipping room cleanup. Room 964 Map 15 Gang house Number 10.
09/05/26 03:10:02:GANGHOUSE : DELETE_AT_CLEANUP : Skipping room cleanup. Room 965 Map 15 Gang house Number 10.
09/05/26 03:10:02:GANGHOUSE : DELETE_AT_CLEANUP : Skipping room cleanup. Room 966 Map 15 Gang house Number 10.
09/05/26 03:10:02:GANGHOUSE : DELETE_AT_CLEANUP : Skipping room cleanup. Room 967 Map 15 Gang house Number 10.
09/05/26 03:10:02:GANGHOUSE : DELETE_AT_CLEANUP : Skipping room cleanup. Room 968 Map 15 Gang house Number 9.
09/05/26 03:10:02:GANGHOUSE : DELETE_AT_CLEANUP : Skipping room cleanup. Room 969 Map 15 Gang house Number 9.
09/05/26 03:10:02:GANGHOUSE : DELETE_AT_CLEANUP : Skipping room cleanup. Room 970 Map 15 Gang house Number 9.
09/05/26 03:10:02:GANGHOUSE : DELETE_AT_CLEANUP : Skipping room cleanup. Room 971 Map 15 Gang house Number 9.
09/05/26 03:10:02:GANGHOUSE : DELETE_AT_CLEANUP : Skipping room cleanup. Room 972 Map 15 Gang house Number 9.
09/05/26 03:10:02:GANGHOUSE : DELETE_AT_CLEANUP : Skipping room cleanup. Room 973 Map 15 Gang house Number 1.
09/05/26 03:10:02:GANGHOUSE : DELETE_AT_CLEANUP : Skipping room cleanup. Room 974 Map 15 Gang house Number 2.
09/05/26 03:10:02:GANGHOUSE : DELETE_AT_CLEANUP : Skipping room cleanup. Room 975 Map 15 Gang house Number 3.
09/05/26 03:10:02:GANGHOUSE : DELETE_AT_CLEANUP : Skipping room cleanup. Room 976 Map 15 Gang house Number 4.
09/05/26 03:10:02:GANGHOUSE : DELETE_AT_CLEANUP : Skipping room cleanup. Room 977 Map 15 Gang house Number 5.
09/05/26 03:10:02:GANGHOUSE : DELETE_AT_CLEANUP : Skipping room cleanup. Room 978 Map 15 Gang house Number 6.
09/05/26 03:10:02:GANGHOUSE : DELETE_AT_CLEANUP : Skipping room cleanup. Room 979 Map 15 Gang house Number 7.
09/05/26 03:10:02:GANGHOUSE : DELETE_AT_CLEANUP : Skipping room cleanup. Room 980 Map 15 Gang house Number 8.
09/05/26 03:10:02:GANGHOUSE : DELETE_AT_CLEANUP : Skipping room cleanup. Room 981 Map 15 Gang house Number 9.
09/05/26 03:10:02:GANGHOUSE : DELETE_AT_CLEANUP : Skipping room cleanup. Room 982 Map 15 Gang house Number 10.
09/05/26 03:10:02:GANGHOUSE : DELETE_AT_CLEANUP : Skipping room cleanup. Room 2320 Map 15 Gang house Number 8.
09/05/26 03:10:02:GANGHOUSE : HOUSE 1 : Not Occupied.
09/05/26 03:10:02:GANGHOUSE : HOUSE 2 : Not Occupied.
09/05/26 03:10:02:GANGHOUSE : HOUSE 3 : Not Occupied.
09/05/26 03:10:02:GANGHOUSE : HOUSE 4 : Not Occupied.
09/05/26 03:10:02:GANGHOUSE : HOUSE 5 : Not Occupied.
09/05/26 03:10:02:GANGHOUSE : HOUSE 6 : Not Occupied.
09/05/26 03:10:02:GANGHOUSE : HOUSE 7 : Not Occupied.
09/05/26 03:10:02:GANGHOUSE : HOUSE 8 : Not Occupied.
09/05/26 03:10:02:GANGHOUSE : HOUSE 9 : Not Occupied.
09/05/26 03:10:02:GANGHOUSE : HOUSE 10 : Not Occupied.
09/05/26 03:10:02:Max Active: 13806
09/05/26 06:32:54:AUTO UPDATE : skipping GANG SHOP.
09/05/26 06:32:54:AUTO UPDATE : skipping GANG SHOP.
09/05/26 06:32:54:AUTO UPDATE : skipping GANG SHOP.
09/05/26 06:32:54:AUTO UPDATE : skipping GANG SHOP.
09/05/26 06:32:54:AUTO UPDATE : skipping GANG SHOP.
09/05/26 06:32:54:AUTO UPDATE : skipping GANG SHOP.
09/05/26 06:32:54:AUTO UPDATE : skipping GANG SHOP.
09/05/26 06:32:54:AUTO UPDATE : skipping GANG SHOP.
09/05/26 06:32:54:AUTO UPDATE : skipping GANG SHOP.
09/05/26 06:32:54:AUTO UPDATE : skipping GANG SHOP.
09/05/26 06:32:54:AUTO UPDATE : skipping GANG SHOP.
09/05/26 06:32:54:AUTO UPDATE : skipping GANG SHOP.
09/05/26 06:32:54:AUTO UPDATE : skipping GANG SHOP.
09/05/26 06:32:54:AUTO UPDATE : skipping GANG SHOP.
09/05/26 06:32:54:AUTO UPDATE : skipping GANG SHOP.
09/05/26 06:32:54:AUTO UPDATE : skipping GANG SHOP.
09/05/26 06:32:54:AUTO UPDATE : skipping GANG SHOP.
09/05/26 06:32:54:AUTO UPDATE : skipping GANG SHOP.
09/05/26 06:32:54:AUTO UPDATE : skipping GANG SHOP.
09/05/26 06:32:54:AUTO UPDATE : skipping GANG SHOP.
09/05/26 06:32:54:AUTO UPDATE : skipping GANG SHOP.
09/05/26 08:03:46:Max Active: 13808
09/05/26 08:06:20:AUTO UPDATE : skipping GANG SHOP.
09/05/26 08:06:20:AUTO UPDATE : skipping GANG SHOP.
09/05/26 08:06:20:AUTO UPDATE : skipping GANG SHOP.
09/05/26 08:06:20:AUTO UPDATE : skipping GANG SHOP.
09/05/26 08:06:20:AUTO UPDATE : skipping GANG SHOP.
09/05/26 08:06:20:AUTO UPDATE : skipping GANG SHOP.
09/05/26 08:06:20:AUTO UPDATE : skipping GANG SHOP.
09/05/26 08:06:20:AUTO UPDATE : skipping GANG SHOP.
09/05/26 08:06:20:AUTO UPDATE : skipping GANG SHOP.
09/05/26 08:06:20:AUTO UPDATE : skipping GANG SHOP.
09/05/26 08:06:20:AUTO UPDATE : skipping GANG SHOP.
09/05/26 08:06:20:AUTO UPDATE : skipping GANG SHOP.
09/05/26 08:06:20:AUTO UPDATE : skipping GANG SHOP.
09/05/26 08:06:20:AUTO UPDATE : skipping GANG SHOP.
09/05/26 08:06:20:AUTO UPDATE : skipping GANG SHOP.
09/05/26 08:06:20:AUTO UPDATE : skipping GANG SHOP.
09/05/26 08:06:20:AUTO UPDATE : skipping GANG SHOP.
09/05/26 08:06:20:AUTO UPDATE : skipping GANG SHOP.
09/05/26 08:06:20:AUTO UPDATE : skipping GANG SHOP.
09/05/26 08:06:20:AUTO UPDATE : skipping GANG SHOP.
09/05/26 08:06:20:AUTO UPDATE : skipping GANG SHOP.
09/05/26 09:00:22:Max Active: 13808
09/05/26 09:05:16:AUTO UPDATE : skipping GANG SHOP.
09/05/26 09:05:16:AUTO UPDATE : skipping GANG SHOP.
09/05/26 09:05:16:AUTO UPDATE : skipping GANG SHOP.
09/05/26 09:05:16:AUTO UPDATE : skipping GANG SHOP.
09/05/26 09:05:16:AUTO UPDATE : skipping GANG SHOP.
09/05/26 09:05:16:AUTO UPDATE : skipping GANG SHOP.
09/05/26 09:05:16:AUTO UPDATE : skipping GANG SHOP.
09/05/26 09:05:16:AUTO UPDATE : skipping GANG SHOP.
09/05/26 09:05:16:AUTO UPDATE : skipping GANG SHOP.
09/05/26 09:05:16:AUTO UPDATE : skipping GANG SHOP.
09/05/26 09:05:16:AUTO UPDATE : skipping GANG SHOP.
09/05/26 09:05:16:AUTO UPDATE : skipping GANG SHOP.
09/05/26 09:05:16:AUTO UPDATE : skipping GANG SHOP.
09/05/26 09:05:16:AUTO UPDATE : skipping GANG SHOP.
09/05/26 09:05:16:AUTO UPDATE : skipping GANG SHOP.
09/05/26 09:05:16:AUTO UPDATE : skipping GANG SHOP.
09/05/26 09:05:16:AUTO UPDATE : skipping GANG SHOP.
09/05/26 09:05:16:AUTO UPDATE : skipping GANG SHOP.
09/05/26 09:05:16:AUTO UPDATE : skipping GANG SHOP.
09/05/26 09:05:16:AUTO UPDATE : skipping GANG SHOP.
09/05/26 09:05:16:AUTO UPDATE : skipping GANG SHOP.
09/05/26 09:37:00:Max Active: 0
09/05/26 09:37:00:Failed to insert monster 2 (drunken gambler) Pass 0
09/05/26 09:37:00:Failed to insert monster 3 (drunken gambler) Pass 1
09/05/26 09:37:00:Failed to insert monster 4 (drunken gambler) Pass 2
09/05/26 09:37:00:Failed to insert monster 5 (drunken gambler) Pass 3
09/05/26 09:37:00:Failed to insert monster 7 (guardsman) Pass 0
09/05/26 09:37:00:Failed to insert monster 8 (guardsman) Pass 1
09/05/26 09:37:00:Failed to insert monster 9 (guardsman) Pass 2
09/05/26 09:37:00:Failed to insert monster 10 (guardsman) Pass 3
09/05/26 09:37:00:Failed to insert monster 12 (drunken gambler) Pass 0
09/05/26 09:37:00:Failed to insert monster 13 (drunken gambler) Pass 1
09/05/26 09:37:00:Failed to insert monster 14 (drunken gambler) Pass 2
09/05/26 09:37:00:Failed to insert monster 15 (drunken gambler) Pass 3
09/05/26 09:37:00:Failed to insert monster 17 (young gypsy girl) Pass 0
09/05/26 09:37:00:Failed to insert monster 18 (young gypsy girl) Pass 1
09/05/26 09:37:00:Failed to insert monster 19 (young gypsy girl) Pass 2
09/05/26 09:37:00:Failed to insert monster 20 (young gypsy girl) Pass 3
09/05/26 09:37:00:Failed to insert monster 22 (drunken gambler) Pass 0
09/05/26 09:37:00:Failed to insert monster 23 (drunken gambler) Pass 1
09/05/26 09:37:00:Failed to insert monster 24 (drunken gambler) Pass 2
09/05/26 09:37:00:Failed to insert monster 25 (drunken gambler) Pass 3
09/05/26 09:37:00:Failed to insert monster 27 (thin guardsman) Pass 0
09/05/26 09:37:00:Failed to insert monster 28 (thin guardsman) Pass 1
09/05/26 09:37:00:Failed to insert monster 29 (thin guardsman) Pass 2
09/05/26 09:37:00:Failed to insert monster 30 (thin guardsman) Pass 3
09/05/26 09:37:00:Failed to insert monster 32 (guardsman) Pass 0
09/05/26 09:37:00:Failed to insert monster 33 (guardsman) Pass 1
09/05/26 09:37:00:Failed to insert monster 34 (guardsman) Pass 2
09/05/26 09:37:00:Failed to insert monster 35 (guardsman) Pass 3
09/05/26 09:37:00:Failed to insert monster 37 (big guardsman) Pass 0
09/05/26 09:37:00:Failed to insert monster 38 (big guardsman) Pass 1
09/05/26 09:37:00:Failed to insert monster 39 (big guardsman) Pass 2
09/05/26 09:37:00:Failed to insert monster 40 (big guardsman) Pass 3
09/05/26 09:37:00:Failed to insert monster 42 (big vision) Pass 0
09/05/26 09:37:00:Failed to insert monster 43 (big vision) Pass 1
09/05/26 09:37:00:Failed to insert monster 44 (big vision) Pass 2
09/05/26 09:37:00:Failed to insert monster 45 (big vision) Pass 3
09/05/26 09:37:00:Failed to insert monster 47 (guardsman) Pass 0
09/05/26 09:37:00:Failed to insert monster 48 (guardsman) Pass 1
09/05/26 09:37:00:Failed to insert monster 49 (guardsman) Pass 2
09/05/26 09:37:00:Failed to insert monster 50 (guardsman) Pass 3
09/05/26 09:37:00:Failed to insert monster 52 (nasty filthy beggar) Pass 0
09/05/26 09:37:00:Failed to insert monster 53 (nasty filthy beggar) Pass 1
09/05/26 09:37:00:Failed to insert monster 54 (nasty filthy beggar) Pass 2
09/05/26 09:37:00:Failed to insert monster 55 (nasty filthy beggar) Pass 3
09/05/26 09:37:00:Failed to insert monster 57 (large mangy dog) Pass 0
09/05/26 09:37:00:Failed to insert monster 58 (large mangy dog) Pass 1
09/05/26 09:37:00:Failed to insert monster 59 (large mangy dog) Pass 2
09/05/26 09:37:00:Failed to insert monster 60 (large mangy dog) Pass 3
09/05/26 09:37:00:Failed to insert monster 62 (fat bluejay) Pass 0
09/05/26 09:37:00:Failed to insert monster 63 (fat bluejay) Pass 1
09/05/26 09:37:00:Failed to insert monster 64 (fat bluejay) Pass 2
09/05/26 09:37:00:Failed to insert monster 65 (fat bluejay) Pass 3
09/05/26 09:37:00:Failed to insert monster 67 (guardsman) Pass 0
09/05/26 09:37:00:Failed to insert monster 68 (guardsman) Pass 1
09/05/26 09:37:00:Failed to insert monster 69 (guardsman) Pass 2
09/05/26 09:37:00:Failed to insert monster 70 (guardsman) Pass 3
09/05/26 09:37:00:Item Crest of Silvermere added to monster 71
09/05/26 09:37:00:Failed to insert monster 72 (Mayor Godfrey) Pass 0
09/05/26 09:37:00:Failed to insert monster 73 (Mayor Godfrey) Pass 1
09/05/26 09:37:00:Failed to insert monster 74 (Mayor Godfrey) Pass 2
09/05/26 09:37:00:Failed to insert monster 75 (Mayor Godfrey) Pass 3
09/05/26 09:37:00:Item gavel of justice added to monster 76
09/05/26 09:37:00:Item golden braided belt added to monster 76
09/05/26 09:37:00:Failed to insert monster 77 (Sheriff Lionheart) Pass 0
09/05/26 09:37:00:Failed to insert monster 78 (Sheriff Lionheart) Pass 1
09/05/26 09:37:00:Failed to insert monster 79 (Sheriff Lionheart) Pass 2
09/05/26 09:37:00:Failed to insert monster 80 (Sheriff Lionheart) Pass 3
09/05/26 09:37:00:Failed to insert monster 82 (mangy dog) Pass 0
09/05/26 09:37:00:Failed to insert monster 83 (mangy dog) Pass 1
09/05/26 09:37:00:Failed to insert monster 84 (mangy dog) Pass 2
09/05/26 09:37:00:Failed to insert monster 85 (mangy dog) Pass 3
09/05/26 09:37:00:Failed to insert monster 87 (thin mangy dog) Pass 0
09/05/26 09:37:00:Failed to insert monster 88 (thin mangy dog) Pass 1
09/05/26 09:37:00:Failed to insert monster 89 (thin mangy dog) Pass 2
09/05/26 09:37:00:Failed to insert monster 90 (thin mangy dog) Pass 3
09/05/26 09:37:00:Failed to insert monster 92 (large guardsman) Pass 0
09/05/26 09:37:00:Failed to insert monster 93 (large guardsman) Pass 1
09/05/26 09:37:00:Failed to insert monster 94 (large guardsman) Pass 2
09/05/26 09:37:00:Failed to insert monster 95 (large guardsman) Pass 3
09/05/26 09:37:00:Failed to insert monster 97 (ghostly figure) Pass 0
09/05/26 09:37:00:Failed to insert monster 98 (ghostly figure) Pass 1
09/05/26 09:37:00:Failed to insert monster 99 (ghostly figure) Pass 2
09/05/26 09:37:00:Failed to insert monster 100 (ghostly figure) Pass 3
09/05/26 09:37:00:Failed to insert monster 102 (angry bugbear captain) Pass 0
09/05/26 09:37:00:Failed to insert monster 103 (angry bugbear captain) Pass 1
09/05/26 09:37:00:Failed to insert monster 104 (angry bugbear captain) Pass 2
09/05/26 09:37:00:Failed to insert monster 105 (angry bugbear captain) Pass 3
09/05/26 09:37:00:Failed to insert monster 107 (Jael) Pass 0
09/05/26 09:37:00:Failed to insert monster 108 (Jael) Pass 1
09/05/26 09:37:00:Failed to insert monster 109 (Jael) Pass 2
09/05/26 09:37:00:Failed to insert monster 110 (Jael) Pass 3
09/05/26 09:37:00:Failed to insert monster 112 (The Grey Lord) Pass 0
09/05/26 09:37:00:Failed to insert monster 113 (The Grey Lord) Pass 1
09/05/26 09:37:00:Failed to insert monster 114 (The Grey Lord) Pass 2
09/05/26 09:37:00:Failed to insert monster 115 (The Grey Lord) Pass 3
09/05/26 09:37:00:Failed to insert monster 117 (small bugbear berserker) Pass 0
09/05/26 09:37:00:Failed to insert monster 118 (small bugbear berserker) Pass 1
09/05/26 09:37:00:Failed to insert monster 119 (small bugbear berserker) Pass 2
09/05/26 09:37:00:Failed to insert monster 120 (small bugbear berserker) Pass 3
09/05/26 09:37:00:Failed to insert monster 122 (thin bugbear berserker) Pass 0
09/05/26 09:37:00:Failed to insert monster 123 (thin bugbear berserker) Pass 1
09/05/26 09:37:00:Failed to insert monster 124 (thin bugbear berserker) Pass 2
09/05/26 09:37:00:Failed to insert monster 125 (thin bugbear berserker) Pass 3
09/05/26 09:37:00:Failed to insert monster 127 (guardsman) Pass 0
09/05/26 09:37:00:Failed to insert monster 128 (guardsman) Pass 1
09/05/26 09:37:00:Failed to insert monster 129 (guardsman) Pass 2
09/05/26 09:37:00:Failed to insert monster 130 (guardsman) Pass 3
09/05/26 09:37:00:Failed to insert monster 132 (astral shade) Pass 0
09/05/26 09:37:00:Failed to insert monster 133 (astral shade) Pass 1
09/05/26 09:37:00:Failed to insert monster 134 (astral shade) Pass 2
09/05/26 09:37:00:Failed to insert monster 135 (astral shade) Pass 3
09/05/26 09:37:02:Max Active: 135
09/05/26 09:37:08:Item ancient sword added to monster 182
09/05/26 09:37:22:Item curved bone dagger added to monster 266
09/05/26 09:37:36:Item griffon shield added to room 1099 map 1
09/05/26 09:38:04:Item gold ring added to monster 513
09/05/26 09:38:08:Item holy medallion added to monster 586
09/05/26 09:38:08:Item ruby necklace added to monster 586
09/05/26 09:38:08:Item platinum bracers added to monster 586
09/05/26 09:38:08:Item black leather tunic added to monster 586
09/05/26 09:38:08:Item platinum ring added to monster 586
09/05/26 09:38:10:Item golden belt added to monster 587
09/05/26 09:38:10:Item huge darkwood club added to monster 587
09/05/26 09:38:16:Item gold ring added to monster 611
09/05/26 09:38:16:Item belt of faith added to monster 611
09/05/26 09:38:16:Item jeweled longsword added to monster 611
09/05/26 09:38:22:Item rosewood staff added to monster 650
09/05/26 09:38:22:Item golden breastplate added to monster 650
09/05/26 09:38:22:Item golden broadsword added to monster 650
09/05/26 09:38:22:Item shimmering white robes added to monster 650
09/05/26 09:38:24:Item bone-handled headcutter added to monster 651
09/05/26 09:38:30:Item golden battleaxe added to room 2231 map 1
09/05/26 09:38:30:Item mithril cutlass added to room 2236 map 1
09/05/26 09:38:30:Item clawed gloves added to room 2240 map 1
09/05/26 09:38:30:Item witchwood spear added to room 2241 map 1
09/05/26 09:38:32:Item platinum mace added to room 2256 map 1
09/05/26 09:38:32:Item black flail added to room 2258 map 1
09/05/26 09:38:32:Item shimmering greatsword added to room 2260 map 1
09/05/26 09:38:32:Item jeweled scimitar added to room 2262 map 1
09/05/26 09:38:34:Item ebony ninjato added to room 2273 map 1
09/05/26 09:38:34:Item crystal shortsword added to room 2275 map 1
09/05/26 09:38:34:Item jeweled main-gauche added to room 2278 map 1
09/05/26 09:38:38:Item silver rapier added to room 2300 map 1
09/05/26 09:38:38:Item flametongue added to room 2301 map 1
09/05/26 09:38:38:Item obsidian runestaff added to room 2302 map 1
09/05/26 09:38:40:Item darkwood staff added to room 2303 map 1
09/05/26 09:40:04:Item skull wand added to monster 1189
09/05/26 09:40:04:Item black cauldron added to room 37 map 3
09/05/26 09:40:10:Item huge broken willow added to monster 1220
09/05/26 09:40:10:Item woodland robes added to room 214 map 3
09/05/26 09:40:10:Item pearl ring added to room 214 map 3
09/05/26 09:40:26:Item silverwood helm added to monster 1331
09/05/26 09:40:26:Item blades of balance added to monster 1349
09/05/26 09:40:30:Item emerald-tipped crozier added to monster 1357
09/05/26 09:40:30:Item holy avenger added to monster 1363
09/05/26 09:40:32:Item blood lance added to monster 1373
09/05/26 09:40:34:Item mithril helm added to monster 1379
09/05/26 09:40:34:Item silverwood staff added to monster 1382
09/05/26 09:40:36:Item dragonclaw staff added to monster 1384
09/05/26 09:40:38:Item vortex staff added to monster 1385
09/05/26 09:40:38:Item barbed circlet added to monster 1385
09/05/26 09:42:14:Item golden sickle added to monster 1992
09/05/26 09:42:14:Item antlered helm added to monster 1992
09/05/26 09:42:32:Item tree trunk added to monster 2080
09/05/26 09:42:52:Item hell-flail added to monster 2216
09/05/26 09:42:52:Item thunderstaff added to monster 2232
09/05/26 09:42:56:Item katana added to monster 2253
09/05/26 09:42:56:Item skull sword added to monster 2256
09/05/26 09:42:56:Item black plate corselet added to monster 2256
09/05/26 09:43:16:Item rune-etched sceptre added to monster 2404
09/05/26 09:43:18:Item adamantite claymore added to monster 2426
09/05/26 09:43:18:Item obsidian field plate added to monster 2426
09/05/26 09:43:20:Item twisted bone staff added to monster 2451
09/05/26 09:43:20:Item nightblack portal added to monster 2451
09/05/26 09:43:26:Item jeweled adamantite longsword added to monster 2547
09/05/26 09:43:26:Item adamantite katana added to monster 2548
09/05/26 09:43:26:Item silver casket added to room 707 map 8
09/05/26 09:43:42:Item laen longsword added to monster 2708
09/05/26 09:44:28:Item emerald-hilted rapier added to monster 3116
09/05/26 09:44:46:Item skull mask added to monster 3211
09/05/26 09:44:54:Item frost sceptre added to monster 3296
09/05/26 09:45:04:Item jeweled turban added to monster 3399
09/05/26 09:45:28:Item golden pike added to monster 3529
09/05/26 09:45:42:Item crescent moon staff added to monster 3652
09/009/05/26 11:52:22:Max Active: 7597
09/05/26 11:57:00:Sysop Command by sysop: SYS TWEAK EXPERIENCE 120000
09/05/26 11:57:00:Sysop Command by sysop: SYS TWEAK LEVEL 10
09/05/26 12:01:12:AUTO UPDATE : skipping GANG SHOP.
09/05/26 12:01:12:AUTO UPDATE : skipping GANG SHOP.
09/05/26 12:01:12:AUTO UPDATE : skipping GANG SHOP.
09/05/26 12:01:12:AUTO UPDATE : skipping GANG SHOP.
09/05/26 12:01:12:AUTO UPDATE : skipping GANG SHOP.
09/05/26 12:01:12:AUTO UPDATE : skipping GANG SHOP.
09/05/26 12:01:12:AUTO UPDATE : skipping GANG SHOP.
09/05/26 12:01:12:AUTO UPDATE : skipping GANG SHOP.
09/05/26 12:01:12:AUTO UPDATE : skipping GANG SHOP.
09/05/26 12:01:12:AUTO UPDATE : skipping GANG SHOP.
09/05/26 12:01:12:AUTO UPDATE : skipping GANG SHOP.
09/05/26 12:01:12:AUTO UPDATE : skipping GANG SHOP.
09/05/26 12:01:12:AUTO UPDATE : skipping GANG SHOP.
09/05/26 12:01:12:AUTO UPDATE : skipping GANG SHOP.
09/05/26 12:01:12:AUTO UPDATE : skipping GANG SHOP.
09/05/26 12:01:12:AUTO UPDATE : skipping GANG SHOP.
09/05/26 12:01:12:AUTO UPDATE : skipping GANG SHOP.
09/05/26 12:01:12:AUTO UPDATE : skipping GANG SHOP.
09/05/26 12:01:12:AUTO UPDATE : skipping GANG SHOP.
09/05/26 12:01:12:AUTO UPDATE : skipping GANG SHOP.
09/05/26 12:01:12:AUTO UPDATE : skipping GANG SHOP.
09/05/26 12:47:44:Max Active: 7613
09/05/26 12:54:14:AUTO UPDATE : skipping GANG SHOP.
09/05/26 12:54:14:AUTO UPDATE : skipping GANG SHOP.
09/05/26 12:54:14:AUTO UPDATE : skipping GANG SHOP.
09/05/26 12:54:14:AUTO UPDATE : skipping GANG SHOP.
09/05/26 12:54:14:AUTO UPDATE : skipping GANG SHOP.
09/05/26 12:54:14:AUTO UPDATE : skipping GANG SHOP.
09/05/26 12:54:14:AUTO UPDATE : skipping GANG SHOP.
09/05/26 12:54:14:AUTO UPDATE : skipping GANG SHOP.
09/05/26 12:54:14:AUTO UPDATE : skipping GANG SHOP.
09/05/26 12:54:14:AUTO UPDATE : skipping GANG SHOP.
09/05/26 12:54:14:AUTO UPDATE : skipping GANG SHOP.
09/05/26 12:54:14:AUTO UPDATE : skipping GANG SHOP.
09/05/26 12:54:14:AUTO UPDATE : skipping GANG SHOP.
09/05/26 12:54:14:AUTO UPDATE : skipping GANG SHOP.
09/05/26 12:54:14:AUTO UPDATE : skipping GANG SHOP.
09/05/26 12:54:14:AUTO UPDATE : skipping GANG SHOP.
09/05/26 12:54:14:AUTO UPDATE : skipping GANG SHOP.
09/05/26 12:54:14:AUTO UPDATE : skipping GANG SHOP.
09/05/26 12:54:14:AUTO UPDATE : skipping GANG SHOP.
09/05/26 12:54:14:AUTO UPDATE : skipping GANG SHOP.
09/05/26 12:54:14:AUTO UPDATE : skipping GANG SHOP.
09/05/26 13:00:28:Max Active: 7614
09/05/26 13:01:24:Sysop Command by sysop: SYS TWEAK EXPERIENCE 120000
09/05/26 13:01:24:Sysop Command by sysop: SYS TWEAK LEVEL 10
09/05/26 13:02:16:Sysop Command by sysop: sys reset rooms
09/05/26 13:02:28:Sysop Command by sysop: sysop reset rooms
09/05/26 13:02:42:Sysop Command by sysop: sysop reset graveyard
09/05/26 13:03:06:Sysop Command by sysop: sys help
09/05/26 13:03:14:Sysop Command by sysop: sysop help
09/05/26 13:03:30:Sysop Command by sysop: sysop reset silvermere
09/05/26 13:03:38:Sysop Command by sysop: sysop reset Graveyard
09/05/26 13:03:46:Sysop Command by sysop: sysop reset Graveyard, Northern Edge
09/05/26 13:05:52:AUTO UPDATE : skipping GANG SHOP.
09/05/26 13:05:52:AUTO UPDATE : skipping GANG SHOP.
09/05/26 13:05:52:AUTO UPDATE : skipping GANG SHOP.
09/05/26 13:05:52:AUTO UPDATE : skipping GANG SHOP.
09/05/26 13:05:52:AUTO UPDATE : skipping GANG SHOP.
09/05/26 13:05:52:AUTO UPDATE : skipping GANG SHOP.
09/05/26 13:05:52:AUTO UPDATE : skipping GANG SHOP.
09/05/26 13:05:52:AUTO UPDATE : skipping GANG SHOP.
09/05/26 13:05:52:AUTO UPDATE : skipping GANG SHOP.
09/05/26 13:05:52:AUTO UPDATE : skipping GANG SHOP.
09/05/26 13:05:52:AUTO UPDATE : skipping GANG SHOP.
09/05/26 13:05:52:AUTO UPDATE : skipping GANG SHOP.
09/05/26 13:05:52:AUTO UPDATE : skipping GANG SHOP.
09/05/26 13:05:52:AUTO UPDATE : skipping GANG SHOP.
09/05/26 13:05:52:AUTO UPDATE : skipping GANG SHOP.
09/05/26 13:05:52:AUTO UPDATE : skipping GANG SHOP.
09/05/26 13:05:52:AUTO UPDATE : skipping GANG SHOP.
09/05/26 13:05:52:AUTO UPDATE : skipping GANG SHOP.
09/05/26 13:05:52:AUTO UPDATE : skipping GANG SHOP.
09/05/26 13:05:52:AUTO UPDATE : skipping GANG SHOP.
09/05/26 13:05:52:AUTO UPDATE : skipping GANG SHOP.
09/05/26 13:10:18:Sysop Command by sysop: sys reset
09/05/26 13:18:50:Entering cleanup
09/05/26 13:18:52:GANGHOUSE : Adding gang house deed for gang house 1 back into deed shop.
09/05/26 13:18:52:GANGHOUSE : Adding gang house deed for gang house 2 back into deed shop.
09/05/26 13:18:52:GANGHOUSE : Adding gang house deed for gang house 3 back into deed shop.
09/05/26 13:18:52:GANGHOUSE : Adding gang house deed for gang house 4 back into deed shop.
09/05/26 13:18:52:GANGHOUSE : Adding gang house deed for gang house 6 back into deed shop.
09/05/26 13:18:52:GANGHOUSE : Adding gang house deed for gang house 5 back into deed shop.
09/05/26 13:18:52:GANGHOUSE : Adding gang house deed for gang house 7 back into deed shop.
09/05/26 13:18:52:GANGHOUSE : Adding gang house deed for gang house 8 back into deed shop.
09/05/26 13:18:52:GANGHOUSE : Adding gang house deed for gang house 9 back into deed shop.
09/05/26 13:18:52:GANGHOUSE : Adding gang house deed for gang house 10 back into deed shop.
09/05/26 13:18:52:GANGHOUSE : DELETE_AT_CLEANUP : Skipping room cleanup. Room 850 Map 15 Gang house Number 10.
09/05/26 13:18:52:GANGHOUSE : DELETE_AT_CLEANUP : Skipping room cleanup. Room 851 Map 15 Gang house Number 10.
09/05/26 13:18:52:GANGHOUSE : DELETE_AT_CLEANUP : Skipping room cleanup. Room 852 Map 15 Gang house Number 10.
09/05/26 13:18:52:GANGHOUSE : DELETE_AT_CLEANUP : Skipping room cleanup. Room 853 Map 15 Gang house Number 10.
09/05/26 13:18:52:GANGHOUSE : DELETE_AT_CLEANUP : Skipping room cleanup. Room 854 Map 15 Gang house Number 10.
09/05/26 13:18:52:GANGHOUSE : DELETE_AT_CLEANUP : Skipping room cleanup. Room 855 Map 15 Gang house Number 10.
09/05/26 13:18:52:GANGHOUSE : DELETE_AT_CLEANUP : Skipping room cleanup. Room 856 Map 15 Gang house Number 10.
09/05/26 13:18:52:GANGHOUSE : DELETE_AT_CLEANUP : Skipping room cleanup. Room 857 Map 15 Gang house Number 10.
09/05/26 13:18:52:GANGHOUSE : DELETE_AT_CLEANUP : Skipping room cleanup. Room 858 Map 15 Gang house Number 10.
09/05/26 13:18:52:GANGHOUSE : DELETE_AT_CLEANUP : Skipping room cleanup. Room 859 Map 15 Gang house Number 10.
09/05/26 13:18:52:GANGHOUSE : DELETE_AT_CLEANUP : Skipping room cleanup. Room 860 Map 15 Gang house Number 10.
09/05/26 13:18:52:GANGHOUSE : DELETE_AT_CLEANUP : Skipping room cleanup. Room 861 Map 15 Gang house Number 10.
09/05/26 13:18:52:GANGHOUSE : DELETE_AT_CLEANUP : Skipping room cleanup. Room 862 Map 15 Gang house Number 9.
09/05/26 13:18:52:GANGHOUSE : DELETE_AT_CLEANUP : Skipping room cleanup. Room 863 Map 15 Gang house Number 9.
09/05/26 13:18:52:GANGHOUSE : DELETE_AT_CLEANUP : Skipping room cleanup. Room 864 Map 15 Gang house Number 9.
09/05/26 13:18:52:GANGHOUSE : DELETE_AT_CLEANUP : Skipping room cleanup. Room 865 Map 15 Gang house Number 9.
09/05/26 13:18:52:GANGHOUSE : DELETE_AT_CLEANUP : Skipping room cleanup. Room 866 Map 15 Gang house Number 9.
09/05/26 13:18:52:GANGHOUSE : DELETE_AT_CLEANUP : Skipping room cleanup. Room 867 Map 15 Gang house Number 9.
09/05/26 13:18:52:GANGHOUSE : DELETE_AT_CLEANUP : Skipping room cleanup. Room 868 Map 15 Gang house Number 9.
09/05/26 13:18:52:GANGHOUSE : DELETE_AT_CLEANUP : Skipping room cleanup. Room 869 Map 15 Gang house Number 9.
09/05/26 13:18:52:GANGHOUSE : DELETE_AT_CLEANUP : Skipping room cleanup. Room 870 Map 15 Gang house Number 9.
09/05/26 13:18:52:GANGHOUSE : DELETE_AT_CLEANUP : Skipping room cleanup. Room 871 Map 15 Gang house Number 9.
09/05/26 13:18:52:GANGHOUSE : DELETE_AT_CLEANUP : Skipping room cleanup. Room 872 Map 15 Gang house Number 9.
09/05/26 13:18:52:GANGHOUSE : DELETE_AT_CLEANUP : Skipping room cleanup. Room 873 Map 15 Gang house Number 8.
09/05/26 13:18:52:GANGHOUSE : DELETE_AT_CLEANUP : Skipping room cleanup. Room 874 Map 15 Gang house Number 2.
09/05/26 13:18:52:GANGHOUSE : DELETE_AT_CLEANUP : Skipping room cleanup. Room 875 Map 15 Gang house Number 2.
09/05/26 13:18:52:GANGHOUSE : DELETE_AT_CLEANUP : Skipping room cleanup. Room 876 Map 15 Gang house Number 2.
09/05/26 13:18:52:GANGHOUSE : DELETE_AT_CLEANUP : Skipping room cleanup. Room 877 Map 15 Gang house Number 2.
09/05/26 13:18:52:GANGHOUSE : DELETE_AT_CLEANUP : Skipping room cleanup. Room 878 Map 15 Gang house Number 2.
09/05/26 13:18:52:GANGHOUSE : DELETE_AT_CLEANUP : Skipping room cleanup. Room 879 Map 15 Gang house Number 2.
09/05/26 13:18:52:GANGHOUSE : DELETE_AT_CLEANUP : Skipping room cleanup. Room 880 Map 15 Gang house Number 2.
09/05/26 13:18:52:GANGHOUSE : DELETE_AT_CLEANUP : Skipping room cleanup. Room 881 Map 15 Gang house Number 2.
09/05/26 13:18:52:GANGHOUSE : DELETE_AT_CLEANUP : Skipping room cleanup. Room 882 Map 15 Gang house Number 3.
09/05/26 13:18:52:GANGHOUSE : DELETE_AT_CLEANUP : Skipping room cleanup. Room 883 Map 15 Gang house Number 3.
09/05/26 13:18:52:GANGHOUSE : DELETE_AT_CLEANUP : Skipping room cleanup. Room 884 Map 15 Gang house Number 3.
09/05/26 13:18:52:GANGHOUSE : DELETE_AT_CLEANUP : Skipping room cleanup. Room 885 Map 15 Gang house Number 3.
09/05/26 13:18:52:GANGHOUSE : DELETE_AT_CLEANUP : Skipping room cleanup. Room 886 Map 15 Gang house Number 3.
09/05/26 13:18:52:GANGHOUSE : DELETE_AT_CLEANUP : Skipping room cleanup. Room 887 Map 15 Gang house Number 3.
09/05/26 13:18:52:GANGHOUSE : DELETE_AT_CLEANUP : Skipping room cleanup. Room 888 Map 15 Gang house Number 3.
09/05/26 13:18:52:GANGHOUSE : DELETE_AT_CLEANUP : Skipping room cleanup. Room 889 Map 15 Gang house Number 3.
09/05/26 13:18:52:GANGHOUSE : DELETE_AT_CLEANUP : Skipping room cleanup. Room 890 Map 15 Gang house Number 3.
09/05/26 13:18:52:GANGHOUSE : DELETE_AT_CLEANUP : Skipping room cleanup. Room 891 Map 15 Gang house Number 5.
09/05/26 13:18:52:GANGHOUSE : DELETE_AT_CLEANUP : Skipping room cleanup. Room 892 Map 15 Gang house Number 5.
09/05/26 13:18:52:GANGHOUSE : DELETE_AT_CLEANUP : Skipping room cleanup. Room 893 Map 15 Gang house Number 5.
09/05/26 13:18:52:GANGHOUSE : DELETE_AT_CLEANUP : Skipping room cleanup. Room 894 Map 15 Gang house Number 5.
09/05/26 13:18:52:GANGHOUSE : DELETE_AT_CLEANUP : Skipping room cleanup. Room 895 Map 15 Gang house Number 5.
09/05/26 13:18:52:GANGHOUSE : DELETE_AT_CLEANUP : Skipping room cleanup. Room 896 Map 15 Gang house Number 5.
09/05/26 13:18:52:GANGHOUSE : DELETE_AT_CLEANUP : Skipping room cleanup. Room 897 Map 15 Gang house Number 5.
09/05/26 13:18:52:GANGHOUSE : DELETE_AT_CLEANUP : Skipping room cleanup. Room 898 Map 15 Gang house Number 5.
09/05/26 13:18:52:GANGHOUSE : DELETE_AT_CLEANUP : Skipping room cleanup. Room 899 Map 15 Gang house Number 5.
09/05/26 13:18:52:GANGHOUSE : DELETE_AT_CLEANUP : Skipping room cleanup. Room 900 Map 15 Gang house Number 5.
09/05/26 13:18:52:GANGHOUSE : DELETE_AT_CLEANUP : Skipping room cleanup. Room 901 Map 15 Gang house Number 5.
09/05/26 13:18:52:GANGHOUSE : DELETE_AT_CLEANUP : Skipping room cleanup. Room 902 Map 15 Gang house Number 5.
09/05/26 13:18:52:GANGHOUSE : DELETE_AT_CLEANUP : Skipping room cleanup. Room 903 Map 15 Gang house Number 1.
09/05/26 13:18:52:GANGHOUSE : DELETE_AT_CLEANUP : Skipping room cleanup. Room 904 Map 15 Gang house Number 1.
09/05/26 13:18:52:GANGHOUSE : DELETE_AT_CLEANUP : Skipping room cleanup. Room 905 Map 15 Gang house Number 1.
09/05/26 13:18:52:GANGHOUSE : DELETE_AT_CLEANUP : Skipping room cleanup. Room 906 Map 15 Gang house Number 1.
09/05/26 13:18:52:GANGHOUSE : DELETE_AT_CLEANUP : Skipping room cleanup. Room 907 Map 15 Gang house Number 1.
09/05/26 13:18:52:GANGHOUSE : DELETE_AT_CLEANUP : Skipping room cleanup. Room 908 Map 15 Gang house Number 1.
09/05/26 13:18:52:GANGHOUSE : DELETE_AT_CLEANUP : Skipping room cleanup. Room 909 Map 15 Gang house Number 8.
09/05/26 13:18:52:GANGHOUSE : DELETE_AT_CLEANUP : Skipping room cleanup. Room 910 Map 15 Gang house Number 8.
09/05/26 13:18:52:GANGHOUSE : DELETE_AT_CLEANUP : Skipping room cleanup. Room 911 Map 15 Gang house Number 8.
09/05/26 13:18:52:GANGHOUSE : DELETE_AT_CLEANUP : Skipping room cleanup. Room 912 Map 15 Gang house Number 8.
09/05/26 13:18:52:GANGHOUSE : DELETE_AT_CLEANUP : Skipping room cleanup. Room 913 Map 15 Gang house Number 8.
09/05/26 13:18:52:GANGHOUSE : DELETE_AT_CLEANUP : Skipping room cleanup. Room 914 Map 15 Gang house Number 8.
09/05/26 13:18:52:GANGHOUSE : DELETE_AT_CLEANUP : Skipping room cleanup. Room 915 Map 15 Gang house Number 8.
09/05/26 13:18:52:GANGHOUSE : DELETE_AT_CLEANUP : Skipping room cleanup. Room 916 Map 15 Gang house Number 8.
09/05/26 13:18:52:GANGHOUSE : DELETE_AT_CLEANUP : Skipping room cleanup. Room 917 Map 15 Gang house Number 8.
09/05/26 13:18:52:GANGHOUSE : DELETE_AT_CLEANUP : Skipping room cleanup. Room 918 Map 15 Gang house Number 8.
09/05/26 13:18:52:GANGHOUSE : DELETE_AT_CLEANUP : Skipping room cleanup. Room 919 Map 15 Gang house Number 8.
09/05/26 13:18:52:GANGHOUSE : DELETE_AT_CLEANUP : Skipping room cleanup. Room 920 Map 15 Gang house Number 8.
09/05/26 13:18:52:GANGHOUSE : DELETE_AT_CLEANUP : Skipping room cleanup. Room 921 Map 15 Gang house Number 8.
09/05/26 13:18:52:GANGHOUSE : DELETE_AT_CLEANUP : Skipping room cleanup. Room 922 Map 15 Gang house Number 8.
09/05/26 13:18:52:GANGHOUSE : DELETE_AT_CLEANUP : Skipping room cleanup. Room 923 Map 15 Gang house Number 4.
09/05/26 13:18:52:GANGHOUSE : DELETE_AT_CLEANUP : Skipping room cleanup. Room 924 Map 15 Gang house Number 4.
09/05/26 13:18:52:GANGHOUSE : DELETE_AT_CLEANUP : Skipping room cleanup. Room 925 Map 15 Gang house Number 4.
09/05/26 13:18:52:GANGHOUSE : DELETE_AT_CLEANUP : Skipping room cleanup. Room 926 Map 15 Gang house Number 4.
09/05/26 13:18:52:GANGHOUSE : DELETE_AT_CLEANUP : Skipping room cleanup. Room 927 Map 15 Gang house Number 4.
09/05/26 13:18:52:GANGHOUSE : DELETE_AT_CLEANUP : Skipping room cleanup. Room 928 Map 15 Gang house Number 4.
09/05/26 13:18:52:GANGHOUSE : DELETE_AT_CLEANUP : Skipping room cleanup. Room 929 Map 15 Gang house Number 4.
09/05/26 13:18:52:GANGHOUSE : DELETE_AT_CLEANUP : Skipping room cleanup. Room 930 Map 15 Gang house Number 4.
09/05/26 13:18:52:GANGHOUSE : DELETE_AT_CLEANUP : Skipping room cleanup. Room 931 Map 15 Gang house Number 4.
09/05/26 13:18:52:GANGHOUSE : DELETE_AT_CLEANUP : Skipping room cleanup. Room 932 Map 15 Gang house Number 4.
09/05/26 13:18:52:GANGHOUSE : DELETE_AT_CLEANUP : Skipping room cleanup. Room 933 Map 15 Gang house Number 7.
09/05/26 13:18:52:GANGHOUSE : DELETE_AT_CLEANUP : Skipping room cleanup. Room 934 Map 15 Gang house Number 7.
09/05/26 13:18:52:GANGHOUSE : DELETE_AT_CLEANUP : Skipping room cleanup. Room 935 Map 15 Gang house Number 7.
09/05/26 13:18:52:GANGHOUSE : DELETE_AT_CLEANUP : Skipping room cleanup. Room 936 Map 15 Gang house Number 7.
09/05/26 13:18:52:GANGHOUSE : DELETE_AT_CLEANUP : Skipping room cleanup. Room 937 Map 15 Gang house Number 7.
09/05/26 13:18:52:GANGHOUSE : DELETE_AT_CLEANUP : Skipping room cleanup. Room 938 Map 15 Gang house Number 7.
09/05/26 13:18:52:GANGHOUSE : DELETE_AT_CLEANUP : Skipping room cleanup. Room 939 Map 15 Gang house Number 7.
09/05/26 13:18:52:GANGHOUSE : DELETE_AT_CLEANUP : Skipping room cleanup. Room 940 Map 15 Gang house Number 7.
09/05/26 13:18:52:GANGHOUSE : DELETE_AT_CLEANUP : Skipping room cleanup. Room 941 Map 15 Gang house Number 7.
09/05/26 13:18:52:GANGHOUSE : DELETE_AT_CLEANUP : Skipping room cleanup. Room 942 Map 15 Gang house Number 7.
09/05/26 13:18:52:GANGHOUSE : DELETE_AT_CLEANUP : Skipping room cleanup. Room 943 Map 15 Gang house Number 7.
09/05/26 13:18:52:GANGHOUSE : DELETE_AT_CLEANUP : Skipping room cleanup. Room 944 Map 15 Gang house Number 7.
09/05/26 13:18:52:GANGHOUSE : DELETE_AT_CLEANUP : Skipping room cleanup. Room 945 Map 15 Gang house Number 7.
09/05/26 13:18:52:GANGHOUSE : DELETE_AT_CLEANUP : Skipping room cleanup. Room 946 Map 15 Gang house Number 7.
09/05/26 13:18:52:GANGHOUSE : DELETE_AT_CLEANUP : Skipping room cleanup. Room 947 Map 15 Gang house Number 6.
09/05/26 13:18:52:GANGHOUSE : DELETE_AT_CLEANUP : Skipping room cleanup. Room 948 Map 15 Gang house Number 6.
09/05/26 13:18:52:GANGHOUSE : DELETE_AT_CLEANUP : Skipping room cleanup. Room 949 Map 15 Gang house Number 6.
09/05/26 13:18:52:GANGHOUSE : DELETE_AT_CLEANUP : Skipping room cleanup. Room 950 Map 15 Gang house Number 6.
09/05/26 13:18:52:GANGHOUSE : DELETE_AT_CLEANUP : Skipping room cleanup. Room 951 Map 15 Gang house Number 6.
09/05/26 13:18:52:GANGHOUSE : DELETE_AT_CLEANUP : Skipping room cleanup. Room 952 Map 15 Gang house Number 6.
09/05/26 13:18:52:GANGHOUSE : DELETE_AT_CLEANUP : Skipping room cleanup. Room 953 Map 15 Gang house Number 6.
09/05/26 13:18:52:GANGHOUSE : DELETE_AT_CLEANUP : Skipping room cleanup. Room 954 Map 15 Gang house Number 6.
09/05/26 13:18:52:GANGHOUSE : DELETE_AT_CLEANUP : Skipping room cleanup. Room 955 Map 15 Gang house Number 6.
09/05/26 13:18:52:GANGHOUSE : DELETE_AT_CLEANUP : Skipping room cleanup. Room 956 Map 15 Gang house Number 6.
09/05/26 13:18:52:GANGHOUSE : DELETE_AT_CLEANUP : Skipping room cleanup. Room 957 Map 15 Gang house Number 6.
09/05/26 13:18:52:GANGHOUSE : DELETE_AT_CLEANUP : Skipping room cleanup. Room 958 Map 15 Gang house Number 6.
09/05/26 13:18:52:GANGHOUSE : DELETE_AT_CLEANUP : Skipping room cleanup. Room 959 Map 15 Gang house Number 6.
09/05/26 13:18:52:GANGHOUSE : DELETE_AT_CLEANUP : Skipping room cleanup. Room 960 Map 15 Gang house Number 6.
09/05/26 13:18:52:GANGHOUSE : DELETE_AT_CLEANUP : Skipping room cleanup. Room 961 Map 15 Gang house Number 6.
09/05/26 13:18:52:GANGHOUSE : DELETE_AT_CLEANUP : Skipping room cleanup. Room 962 Map 15 Gang house Number 10.
09/05/26 13:18:52:GANGHOUSE : DELETE_AT_CLEANUP : Skipping room cleanup. Room 963 Map 15 Gang house Number 10.
09/05/26 13:18:52:GANGHOUSE : DELETE_AT_CLEANUP : Skipping room cleanup. Room 964 Map 15 Gang house Number 10.
09/05/26 13:18:52:GANGHOUSE : DELETE_AT_CLEANUP : Skipping room cleanup. Room 965 Map 15 Gang house Number 10.
09/05/26 13:18:52:GANGHOUSE : DELETE_AT_CLEANUP : Skipping room cleanup. Room 966 Map 15 Gang house Number 10.
09/05/26 13:18:52:GANGHOUSE : DELETE_AT_CLEANUP : Skipping room cleanup. Room 967 Map 15 Gang house Number 10.
09/05/26 13:18:52:GANGHOUSE : DELETE_AT_CLEANUP : Skipping room cleanup. Room 968 Map 15 Gang house Number 9.
09/05/26 13:18:52:GANGHOUSE : DELETE_AT_CLEANUP : Skipping room cleanup. Room 969 Map 15 Gang house Number 9.
09/05/26 13:18:52:GANGHOUSE : DELETE_AT_CLEANUP : Skipping room cleanup. Room 970 Map 15 Gang house Number 9.
09/05/26 13:18:52:GANGHOUSE : DELETE_AT_CLEANUP : Skipping room cleanup. Room 971 Map 15 Gang house Number 9.
09/05/26 13:18:52:GANGHOUSE : DELETE_AT_CLEANUP : Skipping room cleanup. Room 972 Map 15 Gang house Number 9.
09/05/26 13:18:52:GANGHOUSE : DELETE_AT_CLEANUP : Skipping room cleanup. Room 973 Map 15 Gang house Number 1.
09/05/26 13:18:52:GANGHOUSE : DELETE_AT_CLEANUP : Skipping room cleanup. Room 974 Map 15 Gang house Number 2.
09/05/26 13:18:52:GANGHOUSE : DELETE_AT_CLEANUP : Skipping room cleanup. Room 975 Map 15 Gang house Number 3.
09/05/26 13:18:52:GANGHOUSE : DELETE_AT_CLEANUP : Skipping room cleanup. Room 976 Map 15 Gang house Number 4.
09/05/26 13:18:52:GANGHOUSE : DELETE_AT_CLEANUP : Skipping room cleanup. Room 977 Map 15 Gang house Number 5.
09/05/26 13:18:52:GANGHOUSE : DELETE_AT_CLEANUP : Skipping room cleanup. Room 978 Map 15 Gang house Number 6.
09/05/26 13:18:52:GANGHOUSE : DELETE_AT_CLEANUP : Skipping room cleanup. Room 979 Map 15 Gang house Number 7.
09/05/26 13:18:52:GANGHOUSE : DELETE_AT_CLEANUP : Skipping room cleanup. Room 980 Map 15 Gang house Number 8.
09/05/26 13:18:52:GANGHOUSE : DELETE_AT_CLEANUP : Skipping room cleanup. Room 981 Map 15 Gang house Number 9.
09/05/26 13:18:52:GANGHOUSE : DELETE_AT_CLEANUP : Skipping room cleanup. Room 982 Map 15 Gang house Number 10.
09/05/26 13:18:52:GANGHOUSE : DELETE_AT_CLEANUP : Skipping room cleanup. Room 2320 Map 15 Gang house Number 8.
09/05/26 13:18:52:GANGHOUSE : HOUSE 1 : Effective eviction flag set.
09/05/26 13:18:52:GANGHOUSE : HOUSE 1 : Not Occupied.
09/05/26 13:18:52:GANGHOUSE : HOUSE 2 : Effective eviction flag set.
09/05/26 13:18:52:GANGHOUSE : HOUSE 2 : Not Occupied.
09/05/26 13:18:52:GANGHOUSE : HOUSE 3 : Effective eviction flag set.
09/05/26 13:18:52:GANGHOUSE : HOUSE 3 : Not Occupied.
09/05/26 13:18:52:GANGHOUSE : HOUSE 4 : Effective eviction flag set.
09/05/26 13:18:52:GANGHOUSE : HOUSE 4 : Not Occupied.
09/05/26 13:18:52:GANGHOUSE : HOUSE 5 : Effective eviction flag set.
09/05/26 13:18:52:GANGHOUSE : HOUSE 5 : Not Occupied.
09/05/26 13:18:52:GANGHOUSE : HOUSE 6 : Effective eviction flag set.
09/05/26 13:18:52:GANGHOUSE : HOUSE 6 : Not Occupied.
09/05/26 13:18:52:GANGHOUSE : HOUSE 7 : Effective eviction flag set.
09/05/26 13:18:52:GANGHOUSE : HOUSE 7 : Not Occupied.
09/05/26 13:18:52:GANGHOUSE : HOUSE 8 : Effective eviction flag set.
09/05/26 13:18:52:GANGHOUSE : HOUSE 8 : Not Occupied.
09/05/26 13:18:52:GANGHOUSE : HOUSE 9 : Effective eviction flag set.
09/05/26 13:18:52:GANGHOUSE : HOUSE 9 : Not Occupied.
09/05/26 13:18:52:GANGHOUSE : HOUSE 10 : Effective eviction flag set.
09/05/26 13:18:52:GANGHOUSE : HOUSE 10 : Not Occupied.
09/05/26 13:18:52:Max Active: 7624
09/05/26 14:00:36:Sysop Command by sysop: sys tweak exp 67000
09/05/26 14:00:56:Sysop Command by sysop: sys tweak experience 67000
09/05/26 14:01:28:Sysop Command by sysop: SYS TWEAK EXPERIENCE 67000
09/05/26 14:02:14:Sysop Command by sysop: SYS TWEAK EXPERIENCE 67000
09/05/26 14:02:14:AUTO UPDATE : skipping GANG SHOP.
09/05/26 14:02:14:AUTO UPDATE : skipping GANG SHOP.
09/05/26 14:02:14:AUTO UPDATE : skipping GANG SHOP.
09/05/26 14:02:14:AUTO UPDATE : skipping GANG SHOP.
09/05/26 14:02:14:AUTO UPDATE : skipping GANG SHOP.
09/05/26 14:02:14:AUTO UPDATE : skipping GANG SHOP.
09/05/26 14:02:14:AUTO UPDATE : skipping GANG SHOP.
09/05/26 14:02:14:AUTO UPDATE : skipping GANG SHOP.
09/05/26 14:02:14:AUTO UPDATE : skipping GANG SHOP.
09/05/26 14:02:14:AUTO UPDATE : skipping GANG SHOP.
09/05/26 14:02:16:AUTO UPDATE : skipping GANG SHOP.
09/05/26 14:02:16:AUTO UPDATE : skipping GANG SHOP.
09/05/26 14:02:16:AUTO UPDATE : skipping GANG SHOP.
09/05/26 14:02:16:AUTO UPDATE : skipping GANG SHOP.
09/05/26 14:02:16:AUTO UPDATE : skipping GANG SHOP.
09/05/26 14:02:16:AUTO UPDATE : skipping GANG SHOP.
09/05/26 14:02:16:AUTO UPDATE : skipping GANG SHOP.
09/05/26 14:02:16:AUTO UPDATE : skipping GANG SHOP.
09/05/26 14:02:16:AUTO UPDATE : skipping GANG SHOP.
09/05/26 14:02:16:AUTO UPDATE : skipping GANG SHOP.
09/05/26 14:02:16:AUTO UPDATE : skipping GANG SHOP.
09/05/26 15:24:00:Max Active: 7628
09/05/26 15:37:48:Sysop Command by sysop: sys tweak gold 50
09/05/26 15:38:28:AUTO UPDATE : skipping GANG SHOP.
09/05/26 15:38:28:AUTO UPDATE : skipping GANG SHOP.
09/05/26 15:38:28:AUTO UPDATE : skipping GANG SHOP.
09/05/26 15:38:28:AUTO UPDATE : skipping GANG SHOP.
09/05/26 15:38:28:AUTO UPDATE : skipping GANG SHOP.
09/05/26 15:38:28:AUTO UPDATE : skipping GANG SHOP.
09/05/26 15:38:28:AUTO UPDATE : skipping GANG SHOP.
09/05/26 15:38:28:AUTO UPDATE : skipping GANG SHOP.
09/05/26 15:38:28:AUTO UPDATE : skipping GANG SHOP.
09/05/26 15:38:28:AUTO UPDATE : skipping GANG SHOP.
09/05/26 15:38:28:AUTO UPDATE : skipping GANG SHOP.
09/05/26 15:38:28:AUTO UPDATE : skipping GANG SHOP.
09/05/26 15:38:28:AUTO UPDATE : skipping GANG SHOP.
09/05/26 15:38:28:AUTO UPDATE : skipping GANG SHOP.
09/05/26 15:38:28:AUTO UPDATE : skipping GANG SHOP.
09/05/26 15:38:28:AUTO UPDATE : skipping GANG SHOP.
09/05/26 15:38:28:AUTO UPDATE : skipping GANG SHOP.
09/05/26 15:38:28:AUTO UPDATE : skipping GANG SHOP.
09/05/26 15:38:28:AUTO UPDATE : skipping GANG SHOP.
09/05/26 15:38:28:AUTO UPDATE : skipping GANG SHOP.
09/05/26 15:38:28:AUTO UPDATE : skipping GANG SHOP.
09/05/26 20:14:54:Max Active: 7691
09/05/26 20:20:08:AUTO UPDATE : skipping GANG SHOP.
09/05/26 20:20:08:AUTO UPDATE : skipping GANG SHOP.
09/05/26 20:20:08:AUTO UPDATE : skipping GANG SHOP.
09/05/26 20:20:08:AUTO UPDATE : skipping GANG SHOP.
09/05/26 20:20:08:AUTO UPDATE : skipping GANG SHOP.
09/05/26 20:20:08:AUTO UPDATE : skipping GANG SHOP.
09/05/26 20:20:08:AUTO UPDATE : skipping GANG SHOP.
09/05/26 20:20:08:AUTO UPDATE : skipping GANG SHOP.
09/05/26 20:20:08:AUTO UPDATE : skipping GANG SHOP.
09/05/26 20:20:08:AUTO UPDATE : skipping GANG SHOP.
09/05/26 20:20:08:AUTO UPDATE : skipping GANG SHOP.
09/05/26 20:20:08:AUTO UPDATE : skipping GANG SHOP.
09/05/26 20:20:08:AUTO UPDATE : skipping GANG SHOP.
09/05/26 20:20:08:AUTO UPDATE : skipping GANG SHOP.
09/05/26 20:20:08:AUTO UPDATE : skipping GANG SHOP.
09/05/26 20:20:08:AUTO UPDATE : skipping GANG SHOP.
09/05/26 20:20:08:AUTO UPDATE : skipping GANG SHOP.
09/05/26 20:20:08:AUTO UPDATE : skipping GANG SHOP.
09/05/26 20:20:08:AUTO UPDATE : skipping GANG SHOP.
09/05/26 20:20:08:AUTO UPDATE : skipping GANG SHOP.
09/05/26 20:20:08:AUTO UPDATE : skipping GANG SHOP.
09/05/26 20:21:00:Max Active: 7691
09/05/26 23:26:40:AUTO UPDATE : skipping GANG SHOP.
09/05/26 23:26:42:AUTO UPDATE : skipping GANG SHOP.
09/05/26 23:26:44:AUTO UPDATE : skipping GANG SHOP.
09/05/26 23:26:44:AUTO UPDATE : skipping GANG SHOP.
09/05/26 23:26:46:AUTO UPDATE : skipping GANG SHOP.
09/05/26 23:26:46:AUTO UPDATE : skipping GANG SHOP.
09/05/26 23:26:48:AUTO UPDATE : skipping GANG SHOP.
09/05/26 23:26:48:AUTO UPDATE : skipping GANG SHOP.
09/05/26 23:26:50:AUTO UPDATE : skipping GANG SHOP.
09/05/26 23:26:50:AUTO UPDATE : skipping GANG SHOP.
09/05/26 23:26:52:AUTO UPDATE : skipping GANG SHOP.
09/05/26 23:26:54:AUTO UPDATE : skipping GANG SHOP.
09/05/26 23:26:54:AUTO UPDATE : skipping GANG SHOP.
09/05/26 23:26:56:AUTO UPDATE : skipping GANG SHOP.
09/05/26 23:26:56:AUTO UPDATE : skipping GANG SHOP.
09/05/26 23:26:58:AUTO UPDATE : skipping GANG SHOP.
09/05/26 23:26:58:AUTO UPDATE : skipping GANG SHOP.
09/05/26 23:27:00:AUTO UPDATE : skipping GANG SHOP.
09/05/26 23:27:00:AUTO UPDATE : skipping GANG SHOP.
09/05/26 23:27:02:AUTO UPDATE : skipping GANG SHOP.
09/05/26 23:27:02:AUTO UPDATE : skipping GANG SHOP.
09/06/26 03:10:00:Entering cleanup
09/06/26 03:10:02:GANGHOUSE : DELETE_AT_CLEANUP : Skipping room cleanup. Room 850 Map 15 Gang house Number 10.
09/06/26 03:10:02:GANGHOUSE : DELETE_AT_CLEANUP : Skipping room cleanup. Room 851 Map 15 Gang house Number 10.
09/06/26 03:10:02:GANGHOUSE : DELETE_AT_CLEANUP : Skipping room cleanup. Room 852 Map 15 Gang house Number 10.
09/06/26 03:10:02:GANGHOUSE : DELETE_AT_CLEANUP : Skipping room cleanup. Room 853 Map 15 Gang house Number 10.
09/06/26 03:10:02:GANGHOUSE : DELETE_AT_CLEANUP : Skipping room cleanup. Room 854 Map 15 Gang house Number 10.
09/06/26 03:10:02:GANGHOUSE : DELETE_AT_CLEANUP : Skipping room cleanup. Room 855 Map 15 Gang house Number 10.
09/06/26 03:10:02:GANGHOUSE : DELETE_AT_CLEANUP : Skipping room cleanup. Room 856 Map 15 Gang house Number 10.
09/06/26 03:10:02:GANGHOUSE : DELETE_AT_CLEANUP : Skipping room cleanup. Room 857 Map 15 Gang house Number 10.
09/06/26 03:10:02:GANGHOUSE : DELETE_AT_CLEANUP : Skipping room cleanup. Room 858 Map 15 Gang house Number 10.
09/06/26 03:10:02:GANGHOUSE : DELETE_AT_CLEANUP : Skipping room cleanup. Room 859 Map 15 Gang house Number 10.
09/06/26 03:10:02:GANGHOUSE : DELETE_AT_CLEANUP : Skipping room cleanup. Room 860 Map 15 Gang house Number 10.
09/06/26 03:10:02:GANGHOUSE : DELETE_AT_CLEANUP : Skipping room cleanup. Room 861 Map 15 Gang house Number 10.
09/06/26 03:10:02:GANGHOUSE : DELETE_AT_CLEANUP : Skipping room cleanup. Room 862 Map 15 Gang house Number 9.
09/06/26 03:10:02:GANGHOUSE : DELETE_AT_CLEANUP : Skipping room cleanup. Room 863 Map 15 Gang house Number 9.
09/06/26 03:10:02:GANGHOUSE : DELETE_AT_CLEANUP : Skipping room cleanup. Room 864 Map 15 Gang house Number 9.
09/06/26 03:10:02:GANGHOUSE : DELETE_AT_CLEANUP : Skipping room cleanup. Room 865 Map 15 Gang house Number 9.
09/06/26 03:10:02:GANGHOUSE : DELETE_AT_CLEANUP : Skipping room cleanup. Room 866 Map 15 Gang house Number 9.
09/06/26 03:10:02:GANGHOUSE : DELETE_AT_CLEANUP : Skipping room cleanup. Room 867 Map 15 Gang house Number 9.
09/06/26 03:10:02:GANGHOUSE : DELETE_AT_CLEANUP : Skipping room cleanup. Room 868 Map 15 Gang house Number 9.
09/06/26 03:10:02:GANGHOUSE : DELETE_AT_CLEANUP : Skipping room cleanup. Room 869 Map 15 Gang house Number 9.
09/06/26 03:10:02:GANGHOUSE : DELETE_AT_CLEANUP : Skipping room cleanup. Room 870 Map 15 Gang house Number 9.
09/06/26 03:10:02:GANGHOUSE : DELETE_AT_CLEANUP : Skipping room cleanup. Room 871 Map 15 Gang house Number 9.
09/06/26 03:10:02:GANGHOUSE : DELETE_AT_CLEANUP : Skipping room cleanup. Room 872 Map 15 Gang house Number 9.
09/06/26 03:10:02:GANGHOUSE : DELETE_AT_CLEANUP : Skipping room cleanup. Room 873 Map 15 Gang house Number 8.
09/06/26 03:10:02:GANGHOUSE : DELETE_AT_CLEANUP : Skipping room cleanup. Room 874 Map 15 Gang house Number 2.
09/06/26 03:10:02:GANGHOUSE : DELETE_AT_CLEANUP : Skipping room cleanup. Room 875 Map 15 Gang house Number 2.
09/06/26 03:10:02:GANGHOUSE : DELETE_AT_CLEANUP : Skipping room cleanup. Room 876 Map 15 Gang house Number 2.
09/06/26 03:10:02:GANGHOUSE : DELETE_AT_CLEANUP : Skipping room cleanup. Room 877 Map 15 Gang house Number 2.
09/06/26 03:10:02:GANGHOUSE : DELETE_AT_CLEANUP : Skipping room cleanup. Room 878 Map 15 Gang house Number 2.
09/06/26 03:10:02:GANGHOUSE : DELETE_AT_CLEANUP : Skipping room cleanup. Room 879 Map 15 Gang house Number 2.
09/06/26 03:10:02:GANGHOUSE : DELETE_AT_CLEANUP : Skipping room cleanup. Room 880 Map 15 Gang house Number 2.
09/06/26 03:10:02:GANGHOUSE : DELETE_AT_CLEANUP : Skipping room cleanup. Room 881 Map 15 Gang house Number 2.
09/06/26 03:10:02:GANGHOUSE : DELETE_AT_CLEANUP : Skipping room cleanup. Room 882 Map 15 Gang house Number 3.
09/06/26 03:10:02:GANGHOUSE : DELETE_AT_CLEANUP : Skipping room cleanup. Room 883 Map 15 Gang house Number 3.
09/06/26 03:10:02:GANGHOUSE : DELETE_AT_CLEANUP : Skipping room cleanup. Room 884 Map 15 Gang house Number 3.
09/06/26 03:10:02:GANGHOUSE : DELETE_AT_CLEANUP : Skipping room cleanup. Room 885 Map 15 Gang house Number 3.
09/06/26 03:10:02:GANGHOUSE : DELETE_AT_CLEANUP : Skipping room cleanup. Room 886 Map 15 Gang house Number 3.
09/06/26 03:10:02:GANGHOUSE : DELETE_AT_CLEANUP : Skipping room cleanup. Room 887 Map 15 Gang house Number 3.
09/06/26 03:10:02:GANGHOUSE : DELETE_AT_CLEANUP : Skipping room cleanup. Room 888 Map 15 Gang house Number 3.
09/06/26 03:10:02:GANGHOUSE : DELETE_AT_CLEANUP : Skipping room cleanup. Room 889 Map 15 Gang house Number 3.
09/06/26 03:10:02:GANGHOUSE : DELETE_AT_CLEANUP : Skipping room cleanup. Room 890 Map 15 Gang house Number 3.
09/06/26 03:10:02:GANGHOUSE : DELETE_AT_CLEANUP : Skipping room cleanup. Room 891 Map 15 Gang house Number 5.
09/06/26 03:10:02:GANGHOUSE : DELETE_AT_CLEANUP : Skipping room cleanup. Room 892 Map 15 Gang house Number 5.
09/06/26 03:10:02:GANGHOUSE : DELETE_AT_CLEANUP : Skipping room cleanup. Room 893 Map 15 Gang house Number 5.
09/06/26 03:10:02:GANGHOUSE : DELETE_AT_CLEANUP : Skipping room cleanup. Room 894 Map 15 Gang house Number 5.
09/06/26 03:10:02:GANGHOUSE : DELETE_AT_CLEANUP : Skipping room cleanup. Room 895 Map 15 Gang house Number 5.
09/06/26 03:10:02:GANGHOUSE : DELETE_AT_CLEANUP : Skipping room cleanup. Room 896 Map 15 Gang house Number 5.
09/06/26 03:10:02:GANGHOUSE : DELETE_AT_CLEANUP : Skipping room cleanup. Room 897 Map 15 Gang house Number 5.
09/06/26 03:10:02:GANGHOUSE : DELETE_AT_CLEANUP : Skipping room cleanup. Room 898 Map 15 Gang house Number 5.
09/06/26 03:10:02:GANGHOUSE : DELETE_AT_CLEANUP : Skipping room cleanup. Room 899 Map 15 Gang house Number 5.
09/06/26 03:10:02:GANGHOUSE : DELETE_AT_CLEANUP : Skipping room cleanup. Room 900 Map 15 Gang house Number 5.
09/06/26 03:10:02:GANGHOUSE : DELETE_AT_CLEANUP : Skipping room cleanup. Room 901 Map 15 Gang house Number 5.
09/06/26 03:10:02:GANGHOUSE : DELETE_AT_CLEANUP : Skipping room cleanup. Room 902 Map 15 Gang house Number 5.
09/06/26 03:10:02:GANGHOUSE : DELETE_AT_CLEANUP : Skipping room cleanup. Room 903 Map 15 Gang house Number 1.
09/06/26 03:10:02:GANGHOUSE : DELETE_AT_CLEANUP : Skipping room cleanup. Room 904 Map 15 Gang house Number 1.
09/06/26 03:10:02:GANGHOUSE : DELETE_AT_CLEANUP : Skipping room cleanup. Room 905 Map 15 Gang house Number 1.
09/06/26 03:10:02:GANGHOUSE : DELETE_AT_CLEANUP : Skipping room cleanup. Room 906 Map 15 Gang house Number 1.
09/06/26 03:10:02:GANGHOUSE : DELETE_AT_CLEANUP : Skipping room cleanup. Room 907 Map 15 Gang house Number 1.
09/06/26 03:10:02:GANGHOUSE : DELETE_AT_CLEANUP : Skipping room cleanup. Room 908 Map 15 Gang house Number 1.
09/06/26 03:10:02:GANGHOUSE : DELETE_AT_CLEANUP : Skipping room cleanup. Room 909 Map 15 Gang house Number 8.
09/06/26 03:10:02:GANGHOUSE : DELETE_AT_CLEANUP : Skipping room cleanup. Room 910 Map 15 Gang house Number 8.
09/06/26 03:10:02:GANGHOUSE : DELETE_AT_CLEANUP : Skipping room cleanup. Room 911 Map 15 Gang house Number 8.
09/06/26 03:10:02:GANGHOUSE : DELETE_AT_CLEANUP : Skipping room cleanup. Room 912 Map 15 Gang house Number 8.
09/06/26 03:10:02:GANGHOUSE : DELETE_AT_CLEANUP : Skipping room cleanup. Room 913 Map 15 Gang house Number 8.
09/06/26 03:10:02:GANGHOUSE : DELETE_AT_CLEANUP : Skipping room cleanup. Room 914 Map 15 Gang house Number 8.
09/06/26 03:10:02:GANGHOUSE : DELETE_AT_CLEANUP : Skipping room cleanup. Room 915 Map 15 Gang house Number 8.
09/06/26 03:10:02:GANGHOUSE : DELETE_AT_CLEANUP : Skipping room cleanup. Room 916 Map 15 Gang house Number 8.
09/06/26 03:10:02:GANGHOUSE : DELETE_AT_CLEANUP : Skipping room cleanup. Room 917 Map 15 Gang house Number 8.
09/06/26 03:10:02:GANGHOUSE : DELETE_AT_CLEANUP : Skipping room cleanup. Room 918 Map 15 Gang house Number 8.
09/06/26 03:10:02:GANGHOUSE : DELETE_AT_CLEANUP : Skipping room cleanup. Room 919 Map 15 Gang house Number 8.
09/06/26 03:10:02:GANGHOUSE : DELETE_AT_CLEANUP : Skipping room cleanup. Room 920 Map 15 Gang house Number 8.
09/06/26 03:10:02:GANGHOUSE : DELETE_AT_CLEANUP : Skipping room cleanup. Room 921 Map 15 Gang house Number 8.
09/06/26 03:10:02:GANGHOUSE : DELETE_AT_CLEANUP : Skipping room cleanup. Room 922 Map 15 Gang house Number 8.
09/06/26 03:10:02:GANGHOUSE : DELETE_AT_CLEANUP : Skipping room cleanup. Room 923 Map 15 Gang house Number 4.
09/06/26 03:10:02:GANGHOUSE : DELETE_AT_CLEANUP : Skipping room cleanup. Room 924 Map 15 Gang house Number 4.
09/06/26 03:10:02:GANGHOUSE : DELETE_AT_CLEANUP : Skipping room cleanup. Room 925 Map 15 Gang house Number 4.
09/06/26 03:10:02:GANGHOUSE : DELETE_AT_CLEANUP : Skipping room cleanup. Room 926 Map 15 Gang house Number 4.
09/06/26 03:10:02:GANGHOUSE : DELETE_AT_CLEANUP : Skipping room cleanup. Room 927 Map 15 Gang house Number 4.
09/06/26 03:10:02:GANGHOUSE : DELETE_AT_CLEANUP : Skipping room cleanup. Room 928 Map 15 Gang house Number 4.
09/06/26 03:10:02:GANGHOUSE : DELETE_AT_CLEANUP : Skipping room cleanup. Room 929 Map 15 Gang house Number 4.
09/06/26 03:10:02:GANGHOUSE : DELETE_AT_CLEANUP : Skipping room cleanup. Room 930 Map 15 Gang house Number 4.
09/06/26 03:10:02:GANGHOUSE : DELETE_AT_CLEANUP : Skipping room cleanup. Room 931 Map 15 Gang house Number 4.
09/06/26 03:10:02:GANGHOUSE : DELETE_AT_CLEANUP : Skipping room cleanup. Room 932 Map 15 Gang house Number 4.
09/06/26 03:10:02:GANGHOUSE : DELETE_AT_CLEANUP : Skipping room cleanup. Room 933 Map 15 Gang house Number 7.
09/06/26 03:10:02:GANGHOUSE : DELETE_AT_CLEANUP : Skipping room cleanup. Room 934 Map 15 Gang house Number 7.
09/06/26 03:10:02:GANGHOUSE : DELETE_AT_CLEANUP : Skipping room cleanup. Room 935 Map 15 Gang house Number 7.
09/06/26 03:10:02:GANGHOUSE : DELETE_AT_CLEANUP : Skipping room cleanup. Room 936 Map 15 Gang house Number 7.
09/06/26 03:10:02:GANGHOUSE : DELETE_AT_CLEANUP : Skipping room cleanup. Room 937 Map 15 Gang house Number 7.
09/06/26 03:10:02:GANGHOUSE : DELETE_AT_CLEANUP : Skipping room cleanup. Room 938 Map 15 Gang house Number 7.
09/06/26 03:10:02:GANGHOUSE : DELETE_AT_CLEANUP : Skipping room cleanup. Room 939 Map 15 Gang house Number 7.
09/06/26 03:10:02:GANGHOUSE : DELETE_AT_CLEANUP : Skipping room cleanup. Room 940 Map 15 Gang house Number 7.
09/06/26 03:10:02:GANGHOUSE : DELETE_AT_CLEANUP : Skipping room cleanup. Room 941 Map 15 Gang house Number 7.
09/06/26 03:10:02:GANGHOUSE : DELETE_AT_CLEANUP : Skipping room cleanup. Room 942 Map 15 Gang house Number 7.
09/06/26 03:10:02:GANGHOUSE : DELETE_AT_CLEANUP : Skipping room cleanup. Room 943 Map 15 Gang house Number 7.
09/06/26 03:10:02:GANGHOUSE : DELETE_AT_CLEANUP : Skipping room cleanup. Room 944 Map 15 Gang house Number 7.
09/06/26 03:10:02:GANGHOUSE : DELETE_AT_CLEANUP : Skipping room cleanup. Room 945 Map 15 Gang house Number 7.
09/06/26 03:10:02:GANGHOUSE : DELETE_AT_CLEANUP : Skipping room cleanup. Room 946 Map 15 Gang house Number 7.
09/06/26 03:10:02:GANGHOUSE : DELETE_AT_CLEANUP : Skipping room cleanup. Room 947 Map 15 Gang house Number 6.
09/06/26 03:10:02:GANGHOUSE : DELETE_AT_CLEANUP : Skipping room cleanup. Room 948 Map 15 Gang house Number 6.
09/06/26 03:10:02:GANGHOUSE : DELETE_AT_CLEANUP : Skipping room cleanup. Room 949 Map 15 Gang house Number 6.
09/06/26 03:10:02:GANGHOUSE : DELETE_AT_CLEANUP : Skipping room cleanup. Room 950 Map 15 Gang house Number 6.
09/06/26 03:10:02:GANGHOUSE : DELETE_AT_CLEANUP : Skipping room cleanup. Room 951 Map 15 Gang house Number 6.
09/06/26 03:10:02:GANGHOUSE : DELETE_AT_CLEANUP : Skipping room cleanup. Room 952 Map 15 Gang house Number 6.
09/06/26 03:10:02:GANGHOUSE : DELETE_AT_CLEANUP : Skipping room cleanup. Room 953 Map 15 Gang house Number 6.
09/06/26 03:10:02:GANGHOUSE : DELETE_AT_CLEANUP : Skipping room cleanup. Room 954 Map 15 Gang house Number 6.
09/06/26 03:10:02:GANGHOUSE : DELETE_AT_CLEANUP : Skipping room cleanup. Room 955 Map 15 Gang house Number 6.
09/06/26 03:10:02:GANGHOUSE : DELETE_AT_CLEANUP : Skipping room cleanup. Room 956 Map 15 Gang house Number 6.
09/06/26 03:10:02:GANGHOUSE : DELETE_AT_CLEANUP : Skipping room cleanup. Room 957 Map 15 Gang house Number 6.
09/06/26 03:10:02:GANGHOUSE : DELETE_AT_CLEANUP : Skipping room cleanup. Room 958 Map 15 Gang house Number 6.
09/06/26 03:10:02:GANGHOUSE : DELETE_AT_CLEANUP : Skipping room cleanup. Room 959 Map 15 Gang house Number 6.
09/06/26 03:10:02:GANGHOUSE : DELETE_AT_CLEANUP : Skipping room cleanup. Room 960 Map 15 Gang house Number 6.
09/06/26 03:10:02:GANGHOUSE : DELETE_AT_CLEANUP : Skipping room cleanup. Room 961 Map 15 Gang house Number 6.
09/06/26 03:10:02:GANGHOUSE : DELETE_AT_CLEANUP : Skipping room cleanup. Room 962 Map 15 Gang house Number 10.
09/06/26 03:10:02:GANGHOUSE : DELETE_AT_CLEANUP : Skipping room cleanup. Room 963 Map 15 Gang house Number 10.
09/06/26 03:10:02:GANGHOUSE : DELETE_AT_CLEANUP : Skipping room cleanup. Room 964 Map 15 Gang house Number 10.
09/06/26 03:10:02:GANGHOUSE : DELETE_AT_CLEANUP : Skipping room cleanup. Room 965 Map 15 Gang house Number 10.
09/06/26 03:10:02:GANGHOUSE : DELETE_AT_CLEANUP : Skipping room cleanup. Room 966 Map 15 Gang house Number 10.
09/06/26 03:10:02:GANGHOUSE : DELETE_AT_CLEANUP : Skipping room cleanup. Room 967 Map 15 Gang house Number 10.
09/06/26 03:10:02:GANGHOUSE : DELETE_AT_CLEANUP : Skipping room cleanup. Room 968 Map 15 Gang house Number 9.
09/06/26 03:10:02:GANGHOUSE : DELETE_AT_CLEANUP : Skipping room cleanup. Room 969 Map 15 Gang house Number 9.
09/06/26 03:10:02:GANGHOUSE : DELETE_AT_CLEANUP : Skipping room cleanup. Room 970 Map 15 Gang house Number 9.
09/06/26 03:10:02:GANGHOUSE : DELETE_AT_CLEANUP : Skipping room cleanup. Room 971 Map 15 Gang house Number 9.
09/06/26 03:10:02:GANGHOUSE : DELETE_AT_CLEANUP : Skipping room cleanup. Room 972 Map 15 Gang house Number 9.
09/06/26 03:10:02:GANGHOUSE : DELETE_AT_CLEANUP : Skipping room cleanup. Room 973 Map 15 Gang house Number 1.
09/06/26 03:10:02:GANGHOUSE : DELETE_AT_CLEANUP : Skipping room cleanup. Room 974 Map 15 Gang house Number 2.
09/06/26 03:10:02:GANGHOUSE : DELETE_AT_CLEANUP : Skipping room cleanup. Room 975 Map 15 Gang house Number 3.
09/06/26 03:10:02:GANGHOUSE : DELETE_AT_CLEANUP : Skipping room cleanup. Room 976 Map 15 Gang house Number 4.
09/06/26 03:10:02:GANGHOUSE : DELETE_AT_CLEANUP : Skipping room cleanup. Room 977 Map 15 Gang house Number 5.
09/06/26 03:10:02:GANGHOUSE : DELETE_AT_CLEANUP : Skipping room cleanup. Room 978 Map 15 Gang house Number 6.
09/06/26 03:10:02:GANGHOUSE : DELETE_AT_CLEANUP : Skipping room cleanup. Room 979 Map 15 Gang house Number 7.
09/06/26 03:10:02:GANGHOUSE : DELETE_AT_CLEANUP : Skipping room cleanup. Room 980 Map 15 Gang house Number 8.
09/06/26 03:10:02:GANGHOUSE : DELETE_AT_CLEANUP : Skipping room cleanup. Room 981 Map 15 Gang house Number 9.
09/06/26 03:10:02:GANGHOUSE : DELETE_AT_CLEANUP : Skipping room cleanup. Room 982 Map 15 Gang house Number 10.
09/06/26 03:10:02:GANGHOUSE : DELETE_AT_CLEANUP : Skipping room cleanup. Room 2320 Map 15 Gang house Number 8.
09/06/26 03:10:02:GANGHOUSE : HOUSE 1 : Not Occupied.
09/06/26 03:10:02:GANGHOUSE : HOUSE 2 : Not Occupied.
09/06/26 03:10:02:GANGHOUSE : HOUSE 3 : Not Occupied.
09/06/26 03:10:02:GANGHOUSE : HOUSE 4 : Not Occupied.
09/06/26 03:10:02:GANGHOUSE : HOUSE 5 : Not Occupied.
09/06/26 03:10:02:GANGHOUSE : HOUSE 6 : Not Occupied.
09/06/26 03:10:02:GANGHOUSE : HOUSE 7 : Not Occupied.
09/06/26 03:10:02:GANGHOUSE : HOUSE 8 : Not Occupied.
09/06/26 03:10:02:GANGHOUSE : HOUSE 9 : Not Occupied.
09/06/26 03:10:02:GANGHOUSE : HOUSE 10 : Not Occupied.
09/06/26 03:10:04:Max Active: 8967
09/06/26 06:15:48:AUTO UPDATE : skipping GANG SHOP.
09/06/26 06:15:50:AUTO UPDATE : skipping GANG SHOP.
09/06/26 06:15:50:AUTO UPDATE : skipping GANG SHOP.
09/06/26 06:15:52:AUTO UPDATE : skipping GANG SHOP.
09/06/26 06:15:52:AUTO UPDATE : skipping GANG SHOP.
09/06/26 06:15:54:AUTO UPDATE : skipping GANG SHOP.
09/06/26 06:15:54:AUTO UPDATE : skipping GANG SHOP.
09/06/26 06:15:56:AUTO UPDATE : skipping GANG SHOP.
09/06/26 06:15:56:AUTO UPDATE : skipping GANG SHOP.
09/06/26 06:15:58:AUTO UPDATE : skipping GANG SHOP.
09/06/26 06:16:00:AUTO UPDATE : skipping GANG SHOP.
09/06/26 06:16:02:AUTO UPDATE : skipping GANG SHOP.
09/06/26 06:16:02:AUTO UPDATE : skipping GANG SHOP.
09/06/26 06:16:04:AUTO UPDATE : skipping GANG SHOP.
09/06/26 06:16:04:AUTO UPDATE : skipping GANG SHOP.
09/06/26 06:16:06:AUTO UPDATE : skipping GANG SHOP.
09/06/26 06:16:06:AUTO UPDATE : skipping GANG SHOP.
09/06/26 06:16:08:AUTO UPDATE : skipping GANG SHOP.
09/06/26 06:16:08:AUTO UPDATE : skipping GANG SHOP.
09/06/26 06:16:10:AUTO UPDATE : skipping GANG SHOP.
09/06/26 06:16:10:AUTO UPDATE : skipping GANG SHOP.
